2026-08-28 21:06:10 [info     ] client.cache.hit               end=2026-07-31T14:30:00+00:00 rows=35025 source=metadata start=2023-12-14T14:30:00+00:00 symbol=ABBV
2026-08-28 21:06:10 [info     ] client.cache.hit               end=2026-07-31T14:30:00+00:00 rows=31891 source=metadata start=2023-12-14T14:30:00+00:00 symbol=ABT
2026-08-28 21:06:11 [info     ] client.cache.hit               end=2026-07-31T14:30:00+00:00 rows=52039 source=metadata start=2023-12-14T14:30:00+00:00 symbol=AMD
2026-08-28 21:06:11 [info     ] client.cache.hit               end=2026-07-31T14:30:00+00:00 rows=49778 source=metadata start=2023-12-14T14:30:00+00:00 symbol=BAC
2026-08-28 21:06:12 [info     ] client.cache.hit               end=2026-07-31T14:30:00+00:00 rows=30377 source=metadata start=2023-12-14T14:30:00+00:00 symbol=BSX
2026-08-28 21:06:12 [info     ] client.cache.hit               end=2026-07-31T14:30:00+00:00 rows=45436 source=metadata start=2023-12-14T14:30:00+00:00 symbol=C
2026-08-28 21:06:13 [info     ] client.cache.hit               end=2026-07-31T14:30:00+00:00 rows=36390 source=metadata start=2023-12-14T14:30:00+00:00 symbol=CAT
2026-08-28 21:06:13 [info     ] client.cache.hit               end=2026-07-31T14:30:00+00:00 rows=51498 source=metadata start=2023-12-14T14:30:00+00:00 symbol=CCL
2026-08-28 21:06:14 [info     ] client.cache.hit               end=2026-07-31T14:30:00+00:00 rows=23252 source=metadata start=2023-12-14T14:30:00+00:00 symbol=CEG
2026-08-28 21:06:14 [info     ] client.cache.hit               end=2026-07-31T14:30:00+00:00 rows=37777 source=metadata start=2023-12-14T14:30:00+00:00 symbol=CMCSA
2026-08-28 21:06:14 [info     ] client.cache.hit               end=2026-07-31T14:30:00+00:00 rows=30100 source=metadata start=2023-12-14T14:30:00+00:00 symbol=COF
2026-08-28 21:06:15 [info     ] client.cache.hit               end=2026-07-31T14:30:00+00:00 rows=37127 source=metadata start=2023-12-14T14:30:00+00:00 symbol=COP
2026-08-28 21:06:15 [info     ] client.cache.hit               end=2026-07-31T14:30:00+00:00 rows=44921 source=metadata start=2023-12-14T14:30:00+00:00 symbol=CSCO
2026-08-28 21:06:16 [info     ] client.cache.hit               end=2026-07-31T14:30:00+00:00 rows=32182 source=metadata start=2023-12-14T14:30:00+00:00 symbol=CSX
2026-08-28 21:06:16 [info     ] client.cache.hit               end=2026-07-31T14:30:00+00:00 rows=43449 source=metadata start=2023-12-14T14:30:00+00:00 symbol=CVX
2026-08-28 21:06:16 [info     ] client.cache.hit               end=2026-07-31T14:30:00+00:00 rows=47261 source=metadata start=2023-12-14T14:30:00+00:00 symbol=DIS
2026-08-28 21:06:17 [info     ] client.cache.hit               end=2026-07-31T14:30:00+00:00 rows=28109 source=metadata start=2023-12-14T14:30:00+00:00 symbol=ETN
2026-08-28 21:06:17 [info     ] client.cache.hit               end=2026-07-31T14:30:00+00:00 rows=50331 source=metadata start=2023-12-14T14:30:00+00:00 symbol=F
2026-08-28 21:06:18 [info     ] client.cache.hit               end=2026-07-31T14:30:00+00:00 rows=45804 source=metadata start=2023-12-14T14:30:00+00:00 symbol=FCX
2026-08-28 21:06:18 [info     ] client.cache.hit               end=2026-07-31T14:30:00+00:00 rows=51602 source=metadata start=2023-12-14T14:30:00+00:00 symbol=INTC
2026-08-28 21:06:19 [info     ] client.cache.hit               end=2026-07-31T14:30:00+00:00 rows=37385 source=metadata start=2023-12-14T14:30:00+00:00 symbol=JNJ
2026-08-28 21:06:19 [info     ] client.cache.hit               end=2026-07-31T14:30:00+00:00 rows=44231 source=metadata start=2023-12-14T14:30:00+00:00 symbol=JPM
2026-08-28 21:06:20 [info     ] client.cache.hit               end=2026-07-31T14:30:00+00:00 rows=46139 source=metadata start=2023-12-14T14:30:00+00:00 symbol=KO
2026-08-28 21:06:20 [info     ] client.cache.hit               end=2026-07-31T14:30:00+00:00 rows=35946 source=metadata start=2023-12-14T14:30:00+00:00 symbol=LLY
2026-08-28 21:06:20 [info     ] client.cache.hit               end=2026-07-31T14:30:00+00:00 rows=30868 source=metadata start=2023-12-14T14:30:00+00:00 symbol=MDT
2026-08-28 21:06:21 [info     ] client.cache.hit               end=2026-07-31T14:30:00+00:00 rows=38805 source=metadata start=2023-12-14T14:30:00+00:00 symbol=MRK
2026-08-28 21:06:21 [info     ] client.cache.hit               end=2026-07-31T14:30:00+00:00 rows=37660 source=metadata start=2023-12-14T14:30:00+00:00 symbol=MS
2026-08-28 21:06:22 [info     ] client.cache.hit               end=2026-07-31T14:30:00+00:00 rows=50122 source=metadata start=2023-12-14T14:30:00+00:00 symbol=MU
2026-08-28 21:06:22 [info     ] client.cache.hit               end=2026-07-31T14:30:00+00:00 rows=43941 source=metadata start=2023-12-14T14:30:00+00:00 symbol=NEM
2026-08-28 21:06:23 [info     ] client.cache.hit               end=2026-07-31T14:30:00+00:00 rows=43942 source=metadata start=2023-12-14T14:30:00+00:00 symbol=NKE
2026-08-28 21:06:23 [info     ] client.cache.hit               end=2026-07-31T14:30:00+00:00 rows=41246 source=metadata start=2023-12-14T14:30:00+00:00 symbol=ORCL
2026-08-28 21:06:23 [info     ] client.cache.hit               end=2026-07-31T14:30:00+00:00 rows=49937 source=metadata start=2023-12-14T14:30:00+00:00 symbol=PFE
2026-08-28 21:06:24 [info     ] client.cache.hit               end=2026-07-31T14:30:00+00:00 rows=35762 source=metadata start=2023-12-14T14:30:00+00:00 symbol=PG
2026-08-28 21:06:24 [info     ] client.cache.hit               end=2026-07-31T14:30:00+00:00 rows=39960 source=metadata start=2023-12-14T14:30:00+00:00 symbol=RCL
2026-08-28 21:06:25 [info     ] client.cache.hit               end=2026-07-31T14:30:00+00:00 rows=34100 source=metadata start=2023-12-14T14:30:00+00:00 symbol=SCHW
2026-08-28 21:06:25 [info     ] client.cache.hit               end=2026-07-31T14:30:00+00:00 rows=43362 source=metadata start=2023-12-14T14:30:00+00:00 symbol=SLB
2026-08-28 21:06:26 [info     ] client.cache.hit               end=2026-07-31T14:30:00+00:00 rows=49214 source=metadata start=2023-12-14T14:30:00+00:00 symbol=T
2026-08-28 21:06:26 [info     ] client.cache.hit               end=2026-07-31T14:30:00+00:00 rows=32512 source=metadata start=2023-12-14T14:30:00+00:00 symbol=TMUS
2026-08-28 21:06:27 [info     ] client.cache.hit               end=2026-07-31T14:30:00+00:00 rows=49190 source=metadata start=2023-12-14T14:30:00+00:00 symbol=UBER
2026-08-28 21:06:27 [info     ] client.cache.hit               end=2026-07-31T14:30:00+00:00 rows=45711 source=metadata start=2023-12-14T14:30:00+00:00 symbol=VZ
2026-08-28 21:06:28 [info     ] client.cache.hit               end=2026-07-31T14:30:00+00:00 rows=29951 source=metadata start=2023-12-14T14:30:00+00:00 symbol=WBD
2026-08-28 21:06:28 [info     ] client.cache.hit               end=2026-07-31T14:30:00+00:00 rows=43575 source=metadata start=2023-12-14T14:30:00+00:00 symbol=WFC
2026-08-28 21:06:28 [info     ] client.cache.hit               end=2026-07-31T14:30:00+00:00 rows=43280 source=metadata start=2023-12-14T14:30:00+00:00 symbol=WMT
2026-08-28 21:06:29 [info     ] client.cache.hit               end=2026-07-31T14:30:00+00:00 rows=48177 source=metadata start=2023-12-14T14:30:00+00:00 symbol=XOM
2026-08-28 21:06:34 [info     ] pipeline.progress              done=25 structure=debit_spread total=2565
2026-08-28 21:06:39 [info     ] pipeline.progress              done=50 structure=debit_spread total=2565
2026-08-28 21:06:41 [info     ] options.fetch                  contracts=1 end=2024-03-08 start=2024-02-27 tf=1m
2026-08-28 21:06:41 [info     ] options.fetch                  contracts=1 end=2024-03-08 start=2024-02-27 tf=1m
2026-08-28 21:06:42 [info     ] options.fetch                  contracts=1 end=2024-03-08 start=2024-02-28 tf=1m
2026-08-28 21:06:42 [info     ] options.fetch                  contracts=1 end=2024-03-08 start=2024-02-28 tf=1m
2026-08-28 21:06:42 [info     ] options.fetch                  contracts=1 end=2024-03-08 start=2024-02-29 tf=1m
2026-08-28 21:06:42 [info     ] options.fetch                  contracts=1 end=2024-03-08 start=2024-02-29 tf=1d
2026-08-28 21:06:42 [info     ] options.fetch                  contracts=2 end=2024-03-08 start=2024-02-29 tf=1d
2026-08-28 21:06:43 [info     ] options.fetch                  contracts=1 end=2024-03-08 start=2024-02-29 tf=1m
2026-08-28 21:06:43 [info     ] options.fetch                  contracts=1 end=2024-03-08 start=2024-02-29 tf=1m
2026-08-28 21:06:43 [info     ] options.fetch                  contracts=3 end=2024-03-08 start=2024-02-29 tf=1d
2026-08-28 21:06:43 [info     ] options.fetch                  contracts=10 end=2024-03-08 start=2024-02-29 tf=1d
2026-08-28 21:06:43 [info     ] options.fetch                  contracts=1 end=2024-03-08 start=2024-02-29 tf=1m
2026-08-28 21:06:43 [info     ] options.fetch                  contracts=1 end=2024-03-08 start=2024-02-29 tf=1m
2026-08-28 21:06:43 [info     ] options.fetch                  contracts=13 end=2024-03-08 start=2024-02-29 tf=1d
2026-08-28 21:06:44 [info     ] options.fetch                  contracts=1 end=2024-03-08 start=2024-02-29 tf=1m
2026-08-28 21:06:44 [info     ] options.fetch                  contracts=1 end=2024-03-08 start=2024-02-29 tf=1m
2026-08-28 21:06:44 [info     ] options.fetch                  contracts=1 end=2024-03-08 start=2024-02-29 tf=1m
2026-08-28 21:06:44 [info     ] options.fetch                  contracts=1 end=2024-03-15 start=2024-03-01 tf=1m
2026-08-28 21:06:44 [info     ] options.fetch                  contracts=1 end=2024-03-15 start=2024-03-01 tf=1m
2026-08-28 21:06:45 [info     ] options.fetch                  contracts=1 end=2024-03-08 start=2024-03-01 tf=1d
2026-08-28 21:06:45 [info     ] options.fetch                  contracts=1 end=2024-03-15 start=2024-03-01 tf=1m
2026-08-28 21:06:45 [info     ] options.fetch                  contracts=1 end=2024-03-15 start=2024-03-01 tf=1m
2026-08-28 21:06:45 [info     ] options.fetch                  contracts=1 end=2024-03-08 start=2024-03-01 tf=1d
2026-08-28 21:06:45 [info     ] options.fetch                  contracts=1 end=2024-03-15 start=2024-03-01 tf=1m
2026-08-28 21:06:45 [info     ] options.fetch                  contracts=1 end=2024-03-15 start=2024-03-01 tf=1m
2026-08-28 21:06:46 [info     ] options.fetch                  contracts=1 end=2024-03-15 start=2024-03-04 tf=1m
2026-08-28 21:06:46 [info     ] options.fetch                  contracts=16 end=2024-03-15 start=2024-03-04 tf=1d
2026-08-28 21:06:46 [info     ] options.fetch                  contracts=1 end=2024-03-15 start=2024-03-04 tf=1m
2026-08-28 21:06:46 [info     ] options.fetch                  contracts=1 end=2024-03-15 start=2024-03-04 tf=1m
2026-08-28 21:06:47 [info     ] options.fetch                  contracts=1 end=2024-03-15 start=2024-03-05 tf=1m
2026-08-28 21:06:47 [info     ] pipeline.progress              done=75 structure=debit_spread total=2565
2026-08-28 21:06:47 [info     ] options.fetch                  contracts=9 end=2024-03-15 start=2024-03-06 tf=1d
2026-08-28 21:06:47 [info     ] options.fetch                  contracts=1 end=2024-03-15 start=2024-03-06 tf=1m
2026-08-28 21:06:47 [info     ] options.fetch                  contracts=1 end=2024-03-15 start=2024-03-06 tf=1m
2026-08-28 21:06:47 [info     ] options.fetch                  contracts=1 end=2024-03-15 start=2024-03-06 tf=1d
2026-08-28 21:06:47 [info     ] options.fetch                  contracts=2 end=2024-03-15 start=2024-03-06 tf=1d
2026-08-28 21:06:47 [info     ] options.fetch                  contracts=1 end=2024-03-15 start=2024-03-06 tf=1m
2026-08-28 21:06:48 [info     ] options.fetch                  contracts=1 end=2024-03-15 start=2024-03-06 tf=1m
2026-08-28 21:06:48 [info     ] options.fetch                  contracts=5 end=2024-03-15 start=2024-03-06 tf=1d
2026-08-28 21:06:48 [info     ] options.fetch                  contracts=1 end=2024-03-15 start=2024-03-06 tf=1m
2026-08-28 21:06:48 [info     ] options.fetch                  contracts=1 end=2024-03-15 start=2024-03-06 tf=1m
2026-08-28 21:06:48 [info     ] options.fetch                  contracts=8 end=2024-03-15 start=2024-03-06 tf=1d
2026-08-28 21:06:48 [info     ] options.fetch                  contracts=1 end=2024-03-15 start=2024-03-06 tf=1m
2026-08-28 21:06:48 [info     ] options.fetch                  contracts=1 end=2024-03-15 start=2024-03-06 tf=1m
2026-08-28 21:06:49 [info     ] options.fetch                  contracts=4 end=2024-03-15 start=2024-03-07 tf=1d
2026-08-28 21:06:49 [info     ] options.fetch                  contracts=1 end=2024-03-15 start=2024-03-07 tf=1m
2026-08-28 21:06:49 [info     ] options.fetch                  contracts=1 end=2024-03-15 start=2024-03-07 tf=1m
2026-08-28 21:06:49 [info     ] options.fetch                  contracts=1 end=2024-03-15 start=2024-03-07 tf=1m
2026-08-28 21:06:49 [info     ] options.fetch                  contracts=2 end=2024-03-15 start=2024-03-08 tf=1d
2026-08-28 21:06:50 [info     ] options.fetch                  contracts=1 end=2024-03-22 start=2024-03-08 tf=1m
2026-08-28 21:06:50 [info     ] options.fetch                  contracts=27 end=2024-03-15 start=2024-03-08 tf=1d
2026-08-28 21:06:50 [info     ] options.fetch                  contracts=1 end=2024-03-22 start=2024-03-08 tf=1m
2026-08-28 21:06:51 [info     ] options.fetch                  contracts=2 end=2024-03-15 start=2024-03-08 tf=1d
2026-08-28 21:06:51 [info     ] options.fetch                  contracts=1 end=2024-03-15 start=2024-03-08 tf=1d
2026-08-28 21:06:51 [info     ] options.fetch                  contracts=1 end=2024-03-22 start=2024-03-08 tf=1m
2026-08-28 21:06:51 [info     ] options.fetch                  contracts=19 end=2024-03-22 start=2024-03-11 tf=1d
2026-08-28 21:06:52 [info     ] options.fetch                  contracts=1 end=2024-03-22 start=2024-03-11 tf=1m
2026-08-28 21:06:52 [info     ] options.fetch                  contracts=1 end=2024-03-22 start=2024-03-11 tf=1m
2026-08-28 21:06:52 [info     ] options.fetch                  contracts=1 end=2024-03-22 start=2024-03-11 tf=1d
2026-08-28 21:06:52 [info     ] options.fetch                  contracts=1 end=2024-03-22 start=2024-03-11 tf=1m
2026-08-28 21:06:52 [info     ] options.fetch                  contracts=1 end=2024-03-22 start=2024-03-11 tf=1m
2026-08-28 21:06:52 [info     ] options.fetch                  contracts=1 end=2024-03-22 start=2024-03-11 tf=1m
2026-08-28 21:06:52 [info     ] options.fetch                  contracts=1 end=2024-03-22 start=2024-03-11 tf=1m
2026-08-28 21:06:53 [info     ] options.fetch                  contracts=1 end=2024-03-22 start=2024-03-12 tf=1m
2026-08-28 21:06:53 [info     ] options.fetch                  contracts=16 end=2024-03-22 start=2024-03-12 tf=1d
2026-08-28 21:06:53 [info     ] options.fetch                  contracts=1 end=2024-03-22 start=2024-03-12 tf=1m
2026-08-28 21:06:53 [info     ] options.fetch                  contracts=1 end=2024-03-22 start=2024-03-12 tf=1m
2026-08-28 21:06:53 [info     ] options.fetch                  contracts=1 end=2024-03-22 start=2024-03-12 tf=1d
2026-08-28 21:06:54 [info     ] options.fetch                  contracts=1 end=2024-03-22 start=2024-03-12 tf=1m
2026-08-28 21:06:54 [info     ] options.fetch                  contracts=1 end=2024-03-22 start=2024-03-12 tf=1m
2026-08-28 21:06:54 [info     ] options.fetch                  contracts=1 end=2024-03-22 start=2024-03-12 tf=1d
2026-08-28 21:06:54 [info     ] options.fetch                  contracts=1 end=2024-03-22 start=2024-03-12 tf=1m
2026-08-28 21:06:54 [info     ] options.fetch                  contracts=1 end=2024-03-22 start=2024-03-12 tf=1m
2026-08-28 21:06:54 [info     ] options.fetch                  contracts=16 end=2024-03-22 start=2024-03-12 tf=1d
2026-08-28 21:06:55 [info     ] options.fetch                  contracts=8 end=2024-03-22 start=2024-03-12 tf=1d
2026-08-28 21:06:55 [info     ] options.fetch                  contracts=1 end=2024-03-22 start=2024-03-12 tf=1m
2026-08-28 21:06:55 [info     ] options.fetch                  contracts=1 end=2024-03-22 start=2024-03-12 tf=1m
2026-08-28 21:06:55 [info     ] options.fetch                  contracts=3 end=2024-03-22 start=2024-03-13 tf=1d
2026-08-28 21:06:55 [info     ] options.fetch                  contracts=1 end=2024-03-22 start=2024-03-13 tf=1m
2026-08-28 21:06:55 [info     ] options.fetch                  contracts=1 end=2024-03-22 start=2024-03-13 tf=1m
2026-08-28 21:06:55 [info     ] pipeline.progress              done=100 structure=debit_spread total=2565
2026-08-28 21:06:56 [info     ] options.fetch                  contracts=1 end=2024-03-22 start=2024-03-13 tf=1d
2026-08-28 21:06:56 [info     ] options.fetch                  contracts=1 end=2024-03-22 start=2024-03-13 tf=1m
2026-08-28 21:06:56 [info     ] options.fetch                  contracts=1 end=2024-03-22 start=2024-03-13 tf=1m
2026-08-28 21:06:56 [info     ] options.fetch                  contracts=41 end=2024-03-22 start=2024-03-13 tf=1d
2026-08-28 21:06:56 [info     ] options.fetch                  contracts=1 end=2024-03-22 start=2024-03-13 tf=1m
2026-08-28 21:06:56 [info     ] options.fetch                  contracts=1 end=2024-03-22 start=2024-03-13 tf=1m
2026-08-28 21:06:57 [info     ] options.fetch                  contracts=18 end=2024-03-22 start=2024-03-15 tf=1d
2026-08-28 21:06:57 [info     ] options.fetch                  contracts=1 end=2024-03-22 start=2024-03-15 tf=1d
2026-08-28 21:06:57 [info     ] options.fetch                  contracts=10 end=2024-03-22 start=2024-03-15 tf=1d
2026-08-28 21:06:58 [info     ] options.fetch                  contracts=1 end=2024-03-22 start=2024-03-15 tf=1m
2026-08-28 21:06:58 [info     ] options.fetch                  contracts=1 end=2024-03-22 start=2024-03-15 tf=1m
2026-08-28 21:06:58 [info     ] options.fetch                  contracts=1 end=2024-03-22 start=2024-03-15 tf=1m
2026-08-28 21:06:58 [info     ] options.fetch                  contracts=1 end=2024-03-22 start=2024-03-15 tf=1m
2026-08-28 21:06:59 [info     ] options.fetch                  contracts=13 end=2024-03-22 start=2024-03-15 tf=1d
2026-08-28 21:06:59 [info     ] options.fetch                  contracts=1 end=2024-03-22 start=2024-03-15 tf=1m
2026-08-28 21:06:59 [info     ] options.fetch                  contracts=1 end=2024-03-22 start=2024-03-15 tf=1m
2026-08-28 21:06:59 [info     ] options.fetch                  contracts=1 end=2024-03-29 start=2024-03-18 tf=1d
2026-08-28 21:06:59 [info     ] options.fetch                  contracts=1 end=2024-03-29 start=2024-03-18 tf=1d
2026-08-28 21:06:59 [info     ] options.fetch                  contracts=1 end=2024-03-29 start=2024-03-18 tf=1d
2026-08-28 21:07:00 [info     ] options.fetch                  contracts=24 end=2024-03-29 start=2024-03-19 tf=1d
2026-08-28 21:07:00 [info     ] options.fetch                  contracts=1 end=2024-03-29 start=2024-03-19 tf=1d
2026-08-28 21:07:00 [info     ] options.fetch                  contracts=1 end=2024-03-29 start=2024-03-20 tf=1d
2026-08-28 21:07:01 [info     ] options.fetch                  contracts=1 end=2024-03-29 start=2024-03-21 tf=1d
2026-08-28 21:07:01 [info     ] pipeline.progress              done=125 structure=debit_spread total=2565
2026-08-28 21:07:01 [info     ] options.fetch                  contracts=18 end=2024-03-29 start=2024-03-21 tf=1d
2026-08-28 21:07:01 [info     ] options.fetch                  contracts=1 end=2024-03-29 start=2024-03-22 tf=1d
2026-08-28 21:07:02 [info     ] options.fetch                  contracts=17 end=2024-04-05 start=2024-03-25 tf=1d
2026-08-28 21:07:02 [info     ] options.fetch                  contracts=1 end=2024-04-05 start=2024-03-25 tf=1m
2026-08-28 21:07:02 [info     ] options.fetch                  contracts=1 end=2024-04-05 start=2024-03-25 tf=1m
2026-08-28 21:07:02 [info     ] options.fetch                  contracts=12 end=2024-04-05 start=2024-03-25 tf=1d
2026-08-28 21:07:02 [info     ] options.fetch                  contracts=1 end=2024-04-05 start=2024-03-25 tf=1m
2026-08-28 21:07:02 [info     ] options.fetch                  contracts=1 end=2024-04-05 start=2024-03-25 tf=1m
2026-08-28 21:07:03 [info     ] options.fetch                  contracts=14 end=2024-04-05 start=2024-03-25 tf=1d
2026-08-28 21:07:03 [info     ] options.fetch                  contracts=1 end=2024-04-05 start=2024-03-25 tf=1m
2026-08-28 21:07:03 [info     ] options.fetch                  contracts=1 end=2024-04-05 start=2024-03-25 tf=1m
2026-08-28 21:07:03 [info     ] options.fetch                  contracts=23 end=2024-04-05 start=2024-03-25 tf=1d
2026-08-28 21:07:03 [info     ] options.fetch                  contracts=1 end=2024-04-05 start=2024-03-25 tf=1m
2026-08-28 21:07:04 [info     ] options.fetch                  contracts=1 end=2024-04-05 start=2024-03-25 tf=1m
2026-08-28 21:07:04 [info     ] options.fetch                  contracts=5 end=2024-04-05 start=2024-03-26 tf=1d
2026-08-28 21:07:04 [info     ] options.fetch                  contracts=1 end=2024-04-05 start=2024-03-26 tf=1m
2026-08-28 21:07:04 [info     ] options.fetch                  contracts=1 end=2024-04-05 start=2024-03-26 tf=1m
2026-08-28 21:07:04 [info     ] options.fetch                  contracts=4 end=2024-04-05 start=2024-03-26 tf=1d
2026-08-28 21:07:04 [info     ] options.fetch                  contracts=3 end=2024-04-05 start=2024-03-26 tf=1d
2026-08-28 21:07:05 [info     ] options.fetch                  contracts=1 end=2024-04-05 start=2024-03-26 tf=1m
2026-08-28 21:07:05 [info     ] options.fetch                  contracts=1 end=2024-04-05 start=2024-03-26 tf=1m
2026-08-28 21:07:05 [info     ] options.fetch                  contracts=1 end=2024-04-05 start=2024-03-27 tf=1m
2026-08-28 21:07:05 [info     ] options.fetch                  contracts=1 end=2024-04-05 start=2024-03-27 tf=1m
2026-08-28 21:07:05 [info     ] options.fetch                  contracts=4 end=2024-04-05 start=2024-03-27 tf=1d
2026-08-28 21:07:06 [info     ] options.fetch                  contracts=1 end=2024-04-05 start=2024-03-27 tf=1m
2026-08-28 21:07:06 [info     ] options.fetch                  contracts=1 end=2024-04-05 start=2024-03-27 tf=1m
2026-08-28 21:07:06 [info     ] options.fetch                  contracts=5 end=2024-04-05 start=2024-03-27 tf=1d
2026-08-28 21:07:06 [info     ] options.fetch                  contracts=1 end=2024-04-05 start=2024-03-27 tf=1m
2026-08-28 21:07:06 [info     ] options.fetch                  contracts=1 end=2024-04-05 start=2024-03-27 tf=1m
2026-08-28 21:07:06 [info     ] options.fetch                  contracts=20 end=2024-04-05 start=2024-03-27 tf=1d
2026-08-28 21:07:07 [info     ] options.fetch                  contracts=1 end=2024-04-05 start=2024-03-27 tf=1m
2026-08-28 21:07:07 [info     ] options.fetch                  contracts=1 end=2024-04-05 start=2024-03-27 tf=1m
2026-08-28 21:07:07 [info     ] options.fetch                  contracts=1 end=2024-04-05 start=2024-03-27 tf=1d
2026-08-28 21:07:07 [info     ] options.fetch                  contracts=1 end=2024-04-05 start=2024-03-27 tf=1m
2026-08-28 21:07:07 [info     ] options.fetch                  contracts=1 end=2024-04-05 start=2024-03-27 tf=1d
2026-08-28 21:07:07 [info     ] options.fetch                  contracts=1 end=2024-04-05 start=2024-03-27 tf=1m
2026-08-28 21:07:07 [info     ] options.fetch                  contracts=1 end=2024-04-05 start=2024-03-27 tf=1m
2026-08-28 21:07:07 [info     ] options.fetch                  contracts=5 end=2024-04-05 start=2024-03-27 tf=1d
2026-08-28 21:07:08 [info     ] options.fetch                  contracts=1 end=2024-04-05 start=2024-03-27 tf=1m
2026-08-28 21:07:08 [info     ] options.fetch                  contracts=3 end=2024-04-05 start=2024-03-27 tf=1d
2026-08-28 21:07:08 [info     ] options.fetch                  contracts=1 end=2024-04-05 start=2024-03-27 tf=1m
2026-08-28 21:07:09 [info     ] options.fetch                  contracts=19 end=2024-04-12 start=2024-04-01 tf=1d
2026-08-28 21:07:09 [info     ] options.fetch                  contracts=1 end=2024-04-12 start=2024-04-01 tf=1m
2026-08-28 21:07:09 [info     ] options.fetch                  contracts=1 end=2024-04-12 start=2024-04-01 tf=1m
2026-08-28 21:07:09 [info     ] pipeline.progress              done=150 structure=debit_spread total=2565
2026-08-28 21:07:09 [info     ] options.fetch                  contracts=9 end=2024-04-12 start=2024-04-01 tf=1d
2026-08-28 21:07:10 [info     ] options.fetch                  contracts=17 end=2024-04-12 start=2024-04-02 tf=1d
2026-08-28 21:07:10 [info     ] options.fetch                  contracts=1 end=2024-04-12 start=2024-04-02 tf=1m
2026-08-28 21:07:10 [info     ] options.fetch                  contracts=1 end=2024-04-12 start=2024-04-02 tf=1m
2026-08-28 21:07:10 [info     ] options.fetch                  contracts=2 end=2024-04-12 start=2024-04-03 tf=1d
2026-08-28 21:07:10 [info     ] options.fetch                  contracts=1 end=2024-04-12 start=2024-04-03 tf=1m
2026-08-28 21:07:10 [info     ] options.fetch                  contracts=1 end=2024-04-12 start=2024-04-03 tf=1m
2026-08-28 21:07:10 [info     ] options.fetch                  contracts=4 end=2024-04-12 start=2024-04-03 tf=1d
2026-08-28 21:07:10 [info     ] options.fetch                  contracts=1 end=2024-04-12 start=2024-04-03 tf=1m
2026-08-28 21:07:11 [info     ] options.fetch                  contracts=1 end=2024-04-12 start=2024-04-03 tf=1m
2026-08-28 21:07:11 [info     ] options.fetch                  contracts=14 end=2024-04-12 start=2024-04-03 tf=1d
2026-08-28 21:07:11 [info     ] options.fetch                  contracts=1 end=2024-04-12 start=2024-04-03 tf=1m
2026-08-28 21:07:11 [info     ] options.fetch                  contracts=1 end=2024-04-12 start=2024-04-03 tf=1m
2026-08-28 21:07:11 [info     ] options.fetch                  contracts=4 end=2024-04-12 start=2024-04-03 tf=1d
2026-08-28 21:07:11 [info     ] options.fetch                  contracts=1 end=2024-04-12 start=2024-04-03 tf=1m
2026-08-28 21:07:11 [info     ] options.fetch                  contracts=1 end=2024-04-12 start=2024-04-03 tf=1m
2026-08-28 21:07:11 [info     ] options.fetch                  contracts=15 end=2024-04-12 start=2024-04-03 tf=1d
2026-08-28 21:07:11 [info     ] options.fetch                  contracts=1 end=2024-04-12 start=2024-04-03 tf=1m
2026-08-28 21:07:12 [info     ] options.fetch                  contracts=1 end=2024-04-12 start=2024-04-03 tf=1m
2026-08-28 21:07:12 [info     ] options.fetch                  contracts=19 end=2024-04-12 start=2024-04-03 tf=1d
2026-08-28 21:07:12 [info     ] options.fetch                  contracts=1 end=2024-04-12 start=2024-04-03 tf=1m
2026-08-28 21:07:12 [info     ] options.fetch                  contracts=1 end=2024-04-12 start=2024-04-03 tf=1m
2026-08-28 21:07:12 [info     ] options.fetch                  contracts=1 end=2024-04-12 start=2024-04-03 tf=1d
2026-08-28 21:07:12 [info     ] options.fetch                  contracts=1 end=2024-04-12 start=2024-04-03 tf=1m
2026-08-28 21:07:12 [info     ] options.fetch                  contracts=1 end=2024-04-12 start=2024-04-03 tf=1m
2026-08-28 21:07:13 [info     ] options.fetch                  contracts=16 end=2024-04-12 start=2024-04-04 tf=1d
2026-08-28 21:07:13 [info     ] options.fetch                  contracts=1 end=2024-04-12 start=2024-04-04 tf=1m
2026-08-28 21:07:13 [info     ] options.fetch                  contracts=1 end=2024-04-12 start=2024-04-04 tf=1m
2026-08-28 21:07:13 [info     ] options.fetch                  contracts=1 end=2024-04-12 start=2024-04-04 tf=1m
2026-08-28 21:07:13 [info     ] options.fetch                  contracts=1 end=2024-04-19 start=2024-04-05 tf=1m
2026-08-28 21:07:14 [info     ] options.fetch                  contracts=1 end=2024-04-19 start=2024-04-05 tf=1m
2026-08-28 21:07:14 [info     ] options.fetch                  contracts=1 end=2024-04-19 start=2024-04-08 tf=1d
2026-08-28 21:07:14 [info     ] options.fetch                  contracts=1 end=2024-04-19 start=2024-04-08 tf=1m
2026-08-28 21:07:14 [info     ] options.fetch                  contracts=3 end=2024-04-19 start=2024-04-08 tf=1d
2026-08-28 21:07:14 [info     ] options.fetch                  contracts=1 end=2024-04-19 start=2024-04-08 tf=1m
2026-08-28 21:07:14 [info     ] options.fetch                  contracts=1 end=2024-04-19 start=2024-04-08 tf=1m
2026-08-28 21:07:14 [info     ] options.fetch                  contracts=1 end=2024-04-19 start=2024-04-08 tf=1m
2026-08-28 21:07:15 [info     ] options.fetch                  contracts=1 end=2024-04-19 start=2024-04-08 tf=1m
2026-08-28 21:07:15 [info     ] options.fetch                  contracts=1 end=2024-04-19 start=2024-04-08 tf=1m
2026-08-28 21:07:15 [info     ] options.fetch                  contracts=1 end=2024-04-19 start=2024-04-08 tf=1d
2026-08-28 21:07:15 [info     ] options.fetch                  contracts=1 end=2024-04-19 start=2024-04-08 tf=1m
2026-08-28 21:07:15 [info     ] options.fetch                  contracts=4 end=2024-04-19 start=2024-04-08 tf=1d
2026-08-28 21:07:16 [info     ] options.fetch                  contracts=1 end=2024-04-19 start=2024-04-08 tf=1m
2026-08-28 21:07:16 [info     ] options.fetch                  contracts=1 end=2024-04-19 start=2024-04-08 tf=1m
2026-08-28 21:07:16 [info     ] options.fetch                  contracts=17 end=2024-04-19 start=2024-04-08 tf=1d
2026-08-28 21:07:16 [info     ] options.fetch                  contracts=1 end=2024-04-19 start=2024-04-08 tf=1m
2026-08-28 21:07:16 [info     ] options.fetch                  contracts=1 end=2024-04-19 start=2024-04-08 tf=1m
2026-08-28 21:07:16 [info     ] options.fetch                  contracts=1 end=2024-04-19 start=2024-04-09 tf=1m
2026-08-28 21:07:17 [info     ] options.fetch                  contracts=2 end=2024-04-19 start=2024-04-10 tf=1d
2026-08-28 21:07:17 [info     ] options.fetch                  contracts=1 end=2024-04-19 start=2024-04-10 tf=1m
2026-08-28 21:07:17 [info     ] options.fetch                  contracts=1 end=2024-04-19 start=2024-04-10 tf=1m
2026-08-28 21:07:17 [info     ] options.fetch                  contracts=14 end=2024-04-19 start=2024-04-10 tf=1d
2026-08-28 21:07:17 [info     ] options.fetch                  contracts=1 end=2024-04-19 start=2024-04-10 tf=1m
2026-08-28 21:07:17 [info     ] options.fetch                  contracts=1 end=2024-04-19 start=2024-04-10 tf=1m
2026-08-28 21:07:17 [info     ] options.fetch                  contracts=1 end=2024-04-19 start=2024-04-11 tf=1d
2026-08-28 21:07:17 [info     ] options.fetch                  contracts=1 end=2024-04-19 start=2024-04-11 tf=1m
2026-08-28 21:07:18 [info     ] options.fetch                  contracts=4 end=2024-04-19 start=2024-04-11 tf=1d
2026-08-28 21:07:18 [info     ] options.fetch                  contracts=1 end=2024-04-19 start=2024-04-11 tf=1m
2026-08-28 21:07:18 [info     ] options.fetch                  contracts=1 end=2024-04-19 start=2024-04-11 tf=1m
2026-08-28 21:07:18 [info     ] pipeline.progress              done=175 structure=debit_spread total=2565
2026-08-28 21:07:18 [info     ] options.fetch                  contracts=1 end=2024-04-19 start=2024-04-11 tf=1d
2026-08-28 21:07:18 [info     ] options.fetch                  contracts=1 end=2024-04-19 start=2024-04-11 tf=1m
2026-08-28 21:07:18 [info     ] options.fetch                  contracts=13 end=2024-04-19 start=2024-04-11 tf=1d
2026-08-28 21:07:18 [info     ] options.fetch                  contracts=1 end=2024-04-19 start=2024-04-11 tf=1m
2026-08-28 21:07:19 [info     ] options.fetch                  contracts=1 end=2024-04-19 start=2024-04-11 tf=1m
2026-08-28 21:07:19 [info     ] options.fetch                  contracts=16 end=2024-04-19 start=2024-04-11 tf=1d
2026-08-28 21:07:19 [info     ] options.fetch                  contracts=1 end=2024-04-19 start=2024-04-11 tf=1m
2026-08-28 21:07:19 [info     ] options.fetch                  contracts=1 end=2024-04-19 start=2024-04-11 tf=1m
2026-08-28 21:07:20 [info     ] options.fetch                  contracts=3 end=2024-04-19 start=2024-04-11 tf=1d
2026-08-28 21:07:20 [info     ] options.fetch                  contracts=1 end=2024-04-19 start=2024-04-11 tf=1m
2026-08-28 21:07:20 [info     ] options.fetch                  contracts=1 end=2024-04-19 start=2024-04-11 tf=1m
2026-08-28 21:07:20 [info     ] options.fetch                  contracts=2 end=2024-04-19 start=2024-04-11 tf=1d
2026-08-28 21:07:20 [info     ] options.fetch                  contracts=1 end=2024-04-19 start=2024-04-11 tf=1m
2026-08-28 21:07:20 [info     ] options.fetch                  contracts=1 end=2024-04-19 start=2024-04-11 tf=1d
2026-08-28 21:07:20 [info     ] options.fetch                  contracts=1 end=2024-04-19 start=2024-04-11 tf=1m
2026-08-28 21:07:21 [info     ] options.fetch                  contracts=10 end=2024-04-19 start=2024-04-12 tf=1d
2026-08-28 21:07:21 [info     ] options.fetch                  contracts=1 end=2024-04-26 start=2024-04-12 tf=1m
2026-08-28 21:07:21 [info     ] options.fetch                  contracts=1 end=2024-04-26 start=2024-04-12 tf=1m
2026-08-28 21:07:21 [info     ] options.fetch                  contracts=1 end=2024-04-26 start=2024-04-12 tf=1m
2026-08-28 21:07:21 [info     ] options.fetch                  contracts=1 end=2024-04-26 start=2024-04-12 tf=1m
2026-08-28 21:07:21 [info     ] options.fetch                  contracts=1 end=2024-04-19 start=2024-04-12 tf=1d
2026-08-28 21:07:22 [info     ] options.fetch                  contracts=1 end=2024-04-19 start=2024-04-12 tf=1m
2026-08-28 21:07:22 [info     ] options.fetch                  contracts=1 end=2024-04-19 start=2024-04-12 tf=1m
2026-08-28 21:07:22 [info     ] options.fetch                  contracts=1 end=2024-04-26 start=2024-04-15 tf=1m
2026-08-28 21:07:22 [info     ] options.fetch                  contracts=1 end=2024-04-26 start=2024-04-15 tf=1d
2026-08-28 21:07:22 [info     ] options.fetch                  contracts=22 end=2024-04-26 start=2024-04-15 tf=1d
2026-08-28 21:07:23 [info     ] options.fetch                  contracts=1 end=2024-04-26 start=2024-04-15 tf=1m
2026-08-28 21:07:23 [info     ] options.fetch                  contracts=1 end=2024-04-26 start=2024-04-15 tf=1m
2026-08-28 21:07:23 [info     ] options.fetch                  contracts=1 end=2024-04-26 start=2024-04-15 tf=1m
2026-08-28 21:07:23 [info     ] options.fetch                  contracts=13 end=2024-04-26 start=2024-04-15 tf=1d
2026-08-28 21:07:23 [info     ] options.fetch                  contracts=1 end=2024-04-26 start=2024-04-15 tf=1m
2026-08-28 21:07:23 [info     ] options.fetch                  contracts=1 end=2024-04-26 start=2024-04-15 tf=1m
2026-08-28 21:07:24 [info     ] options.fetch                  contracts=2 end=2024-04-26 start=2024-04-17 tf=1d
2026-08-28 21:07:24 [info     ] options.fetch                  contracts=1 end=2024-04-26 start=2024-04-17 tf=1m
2026-08-28 21:07:24 [info     ] options.fetch                  contracts=42 end=2024-04-26 start=2024-04-17 tf=1d
2026-08-28 21:07:25 [info     ] options.fetch                  contracts=1 end=2024-04-26 start=2024-04-17 tf=1m
2026-08-28 21:07:25 [info     ] options.fetch                  contracts=1 end=2024-04-26 start=2024-04-17 tf=1m
2026-08-28 21:07:25 [info     ] options.fetch                  contracts=2 end=2024-04-26 start=2024-04-17 tf=1d
2026-08-28 21:07:25 [info     ] options.fetch                  contracts=1 end=2024-04-26 start=2024-04-17 tf=1m
2026-08-28 21:07:25 [info     ] options.fetch                  contracts=1 end=2024-04-26 start=2024-04-17 tf=1m
2026-08-28 21:07:25 [info     ] options.fetch                  contracts=1 end=2024-04-26 start=2024-04-17 tf=1m
2026-08-28 21:07:25 [info     ] options.fetch                  contracts=18 end=2024-04-26 start=2024-04-17 tf=1d
2026-08-28 21:07:26 [info     ] options.fetch                  contracts=1 end=2024-04-26 start=2024-04-17 tf=1m
2026-08-28 21:07:26 [info     ] options.fetch                  contracts=1 end=2024-04-26 start=2024-04-17 tf=1m
2026-08-28 21:07:26 [info     ] options.fetch                  contracts=1 end=2024-04-26 start=2024-04-17 tf=1d
2026-08-28 21:07:26 [info     ] options.fetch                  contracts=1 end=2024-04-26 start=2024-04-17 tf=1m
2026-08-28 21:07:26 [info     ] options.fetch                  contracts=1 end=2024-04-26 start=2024-04-17 tf=1d
2026-08-28 21:07:27 [info     ] options.fetch                  contracts=1 end=2024-04-26 start=2024-04-17 tf=1m
2026-08-28 21:07:27 [info     ] pipeline.progress              done=200 structure=debit_spread total=2565
2026-08-28 21:07:27 [info     ] options.fetch                  contracts=2 end=2024-04-26 start=2024-04-18 tf=1d
2026-08-28 21:07:27 [info     ] options.fetch                  contracts=1 end=2024-04-26 start=2024-04-18 tf=1m
2026-08-28 21:07:27 [info     ] options.fetch                  contracts=1 end=2024-04-26 start=2024-04-18 tf=1d
2026-08-28 21:07:27 [info     ] options.fetch                  contracts=2 end=2024-04-26 start=2024-04-18 tf=1d
2026-08-28 21:07:27 [info     ] options.fetch                  contracts=1 end=2024-04-26 start=2024-04-18 tf=1m
2026-08-28 21:07:27 [info     ] options.fetch                  contracts=11 end=2024-04-26 start=2024-04-18 tf=1d
2026-08-28 21:07:28 [info     ] options.fetch                  contracts=1 end=2024-04-26 start=2024-04-18 tf=1m
2026-08-28 21:07:28 [info     ] options.fetch                  contracts=1 end=2024-04-26 start=2024-04-18 tf=1m
2026-08-28 21:07:28 [info     ] options.fetch                  contracts=3 end=2024-04-26 start=2024-04-18 tf=1d
2026-08-28 21:07:28 [info     ] options.fetch                  contracts=1 end=2024-04-26 start=2024-04-18 tf=1m
2026-08-28 21:07:28 [info     ] options.fetch                  contracts=1 end=2024-04-26 start=2024-04-18 tf=1m
2026-08-28 21:07:28 [info     ] options.fetch                  contracts=1 end=2024-04-26 start=2024-04-18 tf=1d
2026-08-28 21:07:28 [info     ] options.fetch                  contracts=2 end=2024-04-26 start=2024-04-18 tf=1d
2026-08-28 21:07:29 [info     ] options.fetch                  contracts=5 end=2024-04-26 start=2024-04-18 tf=1d
2026-08-28 21:07:29 [info     ] options.fetch                  contracts=1 end=2024-04-26 start=2024-04-18 tf=1m
2026-08-28 21:07:29 [info     ] options.fetch                  contracts=1 end=2024-04-26 start=2024-04-18 tf=1m
2026-08-28 21:07:29 [info     ] options.fetch                  contracts=9 end=2024-04-26 start=2024-04-18 tf=1d
2026-08-28 21:07:29 [info     ] options.fetch                  contracts=1 end=2024-04-26 start=2024-04-18 tf=1m
2026-08-28 21:07:29 [info     ] options.fetch                  contracts=1 end=2024-04-26 start=2024-04-18 tf=1m
2026-08-28 21:07:30 [info     ] options.fetch                  contracts=2 end=2024-04-26 start=2024-04-18 tf=1d
2026-08-28 21:07:30 [info     ] options.fetch                  contracts=1 end=2024-04-26 start=2024-04-18 tf=1m
2026-08-28 21:07:30 [info     ] options.fetch                  contracts=1 end=2024-04-26 start=2024-04-18 tf=1m
2026-08-28 21:07:30 [info     ] options.fetch                  contracts=4 end=2024-04-26 start=2024-04-18 tf=1d
2026-08-28 21:07:30 [info     ] options.fetch                  contracts=1 end=2024-04-26 start=2024-04-18 tf=1m
2026-08-28 21:07:30 [info     ] options.fetch                  contracts=1 end=2024-04-26 start=2024-04-18 tf=1m
2026-08-28 21:07:30 [info     ] options.fetch                  contracts=4 end=2024-04-26 start=2024-04-18 tf=1d
2026-08-28 21:07:30 [info     ] options.fetch                  contracts=1 end=2024-04-26 start=2024-04-18 tf=1m
2026-08-28 21:07:30 [info     ] options.fetch                  contracts=1 end=2024-04-26 start=2024-04-18 tf=1m
2026-08-28 21:07:31 [info     ] options.fetch                  contracts=1 end=2024-04-26 start=2024-04-19 tf=1d
2026-08-28 21:07:31 [info     ] options.fetch                  contracts=1 end=2024-05-03 start=2024-04-19 tf=1m
2026-08-28 21:07:31 [info     ] options.fetch                  contracts=22 end=2024-04-26 start=2024-04-19 tf=1d
2026-08-28 21:07:31 [info     ] options.fetch                  contracts=1 end=2024-05-03 start=2024-04-19 tf=1m
2026-08-28 21:07:31 [info     ] options.fetch                  contracts=1 end=2024-05-03 start=2024-04-19 tf=1m
2026-08-28 21:07:32 [info     ] options.fetch                  contracts=2 end=2024-04-26 start=2024-04-19 tf=1d
2026-08-28 21:07:32 [info     ] options.fetch                  contracts=1 end=2024-04-26 start=2024-04-19 tf=1d
2026-08-28 21:07:32 [info     ] options.fetch                  contracts=1 end=2024-05-03 start=2024-04-19 tf=1m
2026-08-28 21:07:32 [info     ] options.fetch                  contracts=13 end=2024-04-26 start=2024-04-19 tf=1d
2026-08-28 21:07:32 [info     ] options.fetch                  contracts=1 end=2024-05-03 start=2024-04-19 tf=1m
2026-08-28 21:07:33 [info     ] options.fetch                  contracts=1 end=2024-05-03 start=2024-04-19 tf=1m
2026-08-28 21:07:33 [info     ] options.fetch                  contracts=7 end=2024-04-26 start=2024-04-19 tf=1d
2026-08-28 21:07:33 [info     ] options.fetch                  contracts=1 end=2024-05-03 start=2024-04-19 tf=1m
2026-08-28 21:07:33 [info     ] options.fetch                  contracts=1 end=2024-05-03 start=2024-04-19 tf=1m
2026-08-28 21:07:33 [info     ] options.fetch                  contracts=1 end=2024-04-26 start=2024-04-19 tf=1d
2026-08-28 21:07:33 [info     ] options.fetch                  contracts=1 end=2024-05-03 start=2024-04-19 tf=1m
2026-08-28 21:07:34 [info     ] options.fetch                  contracts=7 end=2024-04-26 start=2024-04-19 tf=1d
2026-08-28 21:07:34 [info     ] options.fetch                  contracts=1 end=2024-05-03 start=2024-04-19 tf=1m
2026-08-28 21:07:34 [info     ] options.fetch                  contracts=1 end=2024-05-03 start=2024-04-19 tf=1m
2026-08-28 21:07:34 [info     ] options.fetch                  contracts=1 end=2024-04-26 start=2024-04-19 tf=1d
2026-08-28 21:07:34 [info     ] options.fetch                  contracts=1 end=2024-05-03 start=2024-04-19 tf=1m
2026-08-28 21:07:34 [info     ] options.fetch                  contracts=18 end=2024-05-03 start=2024-04-22 tf=1d
2026-08-28 21:07:35 [info     ] options.fetch                  contracts=1 end=2024-05-03 start=2024-04-22 tf=1d
2026-08-28 21:07:35 [info     ] options.fetch                  contracts=1 end=2024-05-03 start=2024-04-22 tf=1m
2026-08-28 21:07:35 [info     ] options.fetch                  contracts=9 end=2024-05-03 start=2024-04-22 tf=1d
2026-08-28 21:07:35 [info     ] options.fetch                  contracts=1 end=2024-05-03 start=2024-04-22 tf=1m
2026-08-28 21:07:35 [info     ] options.fetch                  contracts=1 end=2024-05-03 start=2024-04-22 tf=1m
2026-08-28 21:07:35 [info     ] pipeline.progress              done=225 structure=debit_spread total=2565
2026-08-28 21:07:35 [info     ] options.fetch                  contracts=1 end=2024-05-03 start=2024-04-22 tf=1d
2026-08-28 21:07:36 [info     ] options.fetch                  contracts=2 end=2024-05-03 start=2024-04-22 tf=1d
2026-08-28 21:07:36 [info     ] options.fetch                  contracts=1 end=2024-05-03 start=2024-04-23 tf=1m
2026-08-28 21:07:36 [info     ] options.fetch                  contracts=6 end=2024-05-03 start=2024-04-23 tf=1d
2026-08-28 21:07:36 [info     ] options.fetch                  contracts=1 end=2024-05-03 start=2024-04-23 tf=1m
2026-08-28 21:07:36 [info     ] options.fetch                  contracts=1 end=2024-05-03 start=2024-04-23 tf=1m
2026-08-28 21:07:36 [info     ] options.fetch                  contracts=13 end=2024-05-03 start=2024-04-23 tf=1d
2026-08-28 21:07:37 [info     ] options.fetch                  contracts=1 end=2024-05-03 start=2024-04-23 tf=1m
2026-08-28 21:07:37 [info     ] options.fetch                  contracts=1 end=2024-05-03 start=2024-04-23 tf=1m
2026-08-28 21:07:37 [info     ] options.fetch                  contracts=19 end=2024-05-03 start=2024-04-23 tf=1d
2026-08-28 21:07:37 [info     ] options.fetch                  contracts=1 end=2024-05-03 start=2024-04-23 tf=1m
2026-08-28 21:07:37 [info     ] options.fetch                  contracts=1 end=2024-05-03 start=2024-04-23 tf=1m
2026-08-28 21:07:38 [info     ] options.fetch                  contracts=3 end=2024-05-03 start=2024-04-23 tf=1d
2026-08-28 21:07:38 [info     ] options.fetch                  contracts=1 end=2024-05-03 start=2024-04-23 tf=1m
2026-08-28 21:07:38 [info     ] options.fetch                  contracts=1 end=2024-05-03 start=2024-04-23 tf=1m
2026-08-28 21:07:38 [info     ] options.fetch                  contracts=10 end=2024-05-03 start=2024-04-24 tf=1d
2026-08-28 21:07:38 [info     ] options.fetch                  contracts=1 end=2024-05-03 start=2024-04-24 tf=1m
2026-08-28 21:07:38 [info     ] options.fetch                  contracts=1 end=2024-05-03 start=2024-04-24 tf=1m
2026-08-28 21:07:38 [info     ] options.fetch                  contracts=5 end=2024-05-03 start=2024-04-24 tf=1d
2026-08-28 21:07:39 [info     ] options.fetch                  contracts=1 end=2024-05-03 start=2024-04-24 tf=1m
2026-08-28 21:07:39 [info     ] options.fetch                  contracts=1 end=2024-05-03 start=2024-04-24 tf=1m
2026-08-28 21:07:39 [info     ] options.fetch                  contracts=1 end=2024-05-03 start=2024-04-24 tf=1m
2026-08-28 21:07:39 [info     ] options.fetch                  contracts=2 end=2024-05-03 start=2024-04-24 tf=1d
2026-08-28 21:07:39 [info     ] options.fetch                  contracts=1 end=2024-05-03 start=2024-04-24 tf=1m
2026-08-28 21:07:40 [info     ] options.fetch                  contracts=1 end=2024-05-03 start=2024-04-25 tf=1d
2026-08-28 21:07:40 [info     ] options.fetch                  contracts=1 end=2024-05-03 start=2024-04-25 tf=1m
2026-08-28 21:07:40 [info     ] options.fetch                  contracts=1 end=2024-05-03 start=2024-04-25 tf=1m
2026-08-28 21:07:40 [info     ] options.fetch                  contracts=1 end=2024-05-03 start=2024-04-25 tf=1d
2026-08-28 21:07:40 [info     ] options.fetch                  contracts=1 end=2024-05-03 start=2024-04-25 tf=1m
2026-08-28 21:07:40 [info     ] options.fetch                  contracts=2 end=2024-05-03 start=2024-04-25 tf=1d
2026-08-28 21:07:41 [info     ] options.fetch                  contracts=1 end=2024-05-03 start=2024-04-25 tf=1m
2026-08-28 21:07:41 [info     ] options.fetch                  contracts=1 end=2024-05-03 start=2024-04-25 tf=1m
2026-08-28 21:07:41 [info     ] options.fetch                  contracts=4 end=2024-05-03 start=2024-04-25 tf=1d
2026-08-28 21:07:41 [info     ] options.fetch                  contracts=1 end=2024-05-03 start=2024-04-25 tf=1m
2026-08-28 21:07:41 [info     ] options.fetch                  contracts=1 end=2024-05-03 start=2024-04-25 tf=1m
2026-08-28 21:07:41 [info     ] options.fetch                  contracts=1 end=2024-05-03 start=2024-04-26 tf=1d
2026-08-28 21:07:41 [info     ] options.fetch                  contracts=1 end=2024-05-10 start=2024-04-26 tf=1m
2026-08-28 21:07:41 [info     ] options.fetch                  contracts=1 end=2024-05-10 start=2024-04-26 tf=1m
2026-08-28 21:07:42 [info     ] options.fetch                  contracts=25 end=2024-05-03 start=2024-04-26 tf=1d
2026-08-28 21:07:42 [info     ] options.fetch                  contracts=1 end=2024-05-10 start=2024-04-26 tf=1m
2026-08-28 21:07:42 [info     ] options.fetch                  contracts=1 end=2024-05-10 start=2024-04-26 tf=1m
2026-08-28 21:07:43 [info     ] options.fetch                  contracts=1 end=2024-05-10 start=2024-04-26 tf=1m
2026-08-28 21:07:43 [info     ] options.fetch                  contracts=1 end=2024-05-10 start=2024-04-26 tf=1m
2026-08-28 21:07:43 [info     ] options.fetch                  contracts=2 end=2024-05-03 start=2024-04-26 tf=1d
2026-08-28 21:07:44 [info     ] options.fetch                  contracts=1 end=2024-05-03 start=2024-04-26 tf=1d
2026-08-28 21:07:44 [info     ] options.fetch                  contracts=1 end=2024-05-10 start=2024-04-26 tf=1m
2026-08-28 21:07:44 [info     ] options.fetch                  contracts=1 end=2024-05-10 start=2024-04-26 tf=1m
2026-08-28 21:07:44 [info     ] options.fetch                  contracts=1 end=2024-05-10 start=2024-04-29 tf=1m
2026-08-28 21:07:45 [info     ] options.fetch                  contracts=1 end=2024-05-10 start=2024-04-29 tf=1d
2026-08-28 21:07:45 [info     ] options.fetch                  contracts=1 end=2024-05-10 start=2024-04-29 tf=1m
2026-08-28 21:07:45 [info     ] options.fetch                  contracts=1 end=2024-05-10 start=2024-04-29 tf=1m
2026-08-28 21:07:45 [info     ] options.fetch                  contracts=1 end=2024-05-10 start=2024-04-29 tf=1d
2026-08-28 21:07:45 [info     ] options.fetch                  contracts=1 end=2024-05-10 start=2024-04-29 tf=1m
2026-08-28 21:07:45 [info     ] pipeline.progress              done=250 structure=debit_spread total=2565
2026-08-28 21:07:45 [info     ] options.fetch                  contracts=1 end=2024-05-10 start=2024-04-30 tf=1m
2026-08-28 21:07:45 [info     ] options.fetch                  contracts=4 end=2024-05-10 start=2024-04-30 tf=1d
2026-08-28 21:07:46 [info     ] options.fetch                  contracts=1 end=2024-05-10 start=2024-04-30 tf=1m
2026-08-28 21:07:46 [info     ] options.fetch                  contracts=1 end=2024-05-10 start=2024-04-30 tf=1m
2026-08-28 21:07:46 [info     ] options.fetch                  contracts=1 end=2024-05-10 start=2024-04-30 tf=1m
2026-08-28 21:07:46 [info     ] options.fetch                  contracts=1 end=2024-05-10 start=2024-04-30 tf=1m
2026-08-28 21:07:46 [info     ] options.fetch                  contracts=1 end=2024-05-10 start=2024-05-01 tf=1d
2026-08-28 21:07:46 [info     ] options.fetch                  contracts=1 end=2024-05-10 start=2024-05-01 tf=1m
2026-08-28 21:07:46 [info     ] options.fetch                  contracts=1 end=2024-05-10 start=2024-05-01 tf=1m
2026-08-28 21:07:47 [info     ] options.fetch                  contracts=1 end=2024-05-10 start=2024-05-01 tf=1d
2026-08-28 21:07:47 [info     ] options.fetch                  contracts=1 end=2024-05-10 start=2024-05-01 tf=1m
2026-08-28 21:07:47 [info     ] options.fetch                  contracts=1 end=2024-05-10 start=2024-05-01 tf=1m
2026-08-28 21:07:47 [info     ] options.fetch                  contracts=1 end=2024-05-10 start=2024-05-01 tf=1d
2026-08-28 21:07:47 [info     ] options.fetch                  contracts=1 end=2024-05-10 start=2024-05-01 tf=1m
2026-08-28 21:07:47 [info     ] options.fetch                  contracts=1 end=2024-05-10 start=2024-05-01 tf=1d
2026-08-28 21:07:48 [info     ] options.fetch                  contracts=1 end=2024-05-10 start=2024-05-01 tf=1m
2026-08-28 21:07:48 [info     ] options.fetch                  contracts=6 end=2024-05-10 start=2024-05-01 tf=1d
2026-08-28 21:07:48 [info     ] options.fetch                  contracts=4 end=2024-05-10 start=2024-05-01 tf=1d
2026-08-28 21:07:48 [info     ] options.fetch                  contracts=1 end=2024-05-10 start=2024-05-01 tf=1m
2026-08-28 21:07:48 [info     ] options.fetch                  contracts=1 end=2024-05-10 start=2024-05-01 tf=1m
2026-08-28 21:07:49 [info     ] options.fetch                  contracts=1 end=2024-05-10 start=2024-05-01 tf=1m
2026-08-28 21:07:49 [info     ] options.fetch                  contracts=1 end=2024-05-10 start=2024-05-01 tf=1m
2026-08-28 21:07:49 [info     ] options.fetch                  contracts=5 end=2024-05-10 start=2024-05-01 tf=1d
2026-08-28 21:07:49 [info     ] options.fetch                  contracts=1 end=2024-05-10 start=2024-05-01 tf=1m
2026-08-28 21:07:49 [info     ] options.fetch                  contracts=1 end=2024-05-10 start=2024-05-01 tf=1m
2026-08-28 21:07:49 [info     ] options.fetch                  contracts=1 end=2024-05-10 start=2024-05-01 tf=1d
2026-08-28 21:07:49 [info     ] options.fetch                  contracts=1 end=2024-05-10 start=2024-05-01 tf=1m
2026-08-28 21:07:50 [info     ] options.fetch                  contracts=1 end=2024-05-10 start=2024-05-01 tf=1m
2026-08-28 21:07:50 [info     ] options.fetch                  contracts=1 end=2024-05-10 start=2024-05-01 tf=1m
2026-08-28 21:07:50 [info     ] options.fetch                  contracts=3 end=2024-05-10 start=2024-05-01 tf=1d
2026-08-28 21:07:50 [info     ] options.fetch                  contracts=1 end=2024-05-10 start=2024-05-01 tf=1m
2026-08-28 21:07:50 [info     ] options.fetch                  contracts=1 end=2024-05-10 start=2024-05-01 tf=1m
2026-08-28 21:07:50 [info     ] options.fetch                  contracts=1 end=2024-05-10 start=2024-05-02 tf=1d
2026-08-28 21:07:51 [info     ] options.fetch                  contracts=1 end=2024-05-10 start=2024-05-02 tf=1m
2026-08-28 21:07:51 [info     ] options.fetch                  contracts=1 end=2024-05-10 start=2024-05-02 tf=1d
2026-08-28 21:07:51 [info     ] options.fetch                  contracts=1 end=2024-05-10 start=2024-05-02 tf=1m
2026-08-28 21:07:51 [info     ] options.fetch                  contracts=1 end=2024-05-10 start=2024-05-02 tf=1m
2026-08-28 21:07:51 [info     ] options.fetch                  contracts=1 end=2024-05-17 start=2024-05-03 tf=1m
2026-08-28 21:07:51 [info     ] options.fetch                  contracts=1 end=2024-05-17 start=2024-05-03 tf=1m
2026-08-28 21:07:52 [info     ] options.fetch                  contracts=1 end=2024-05-17 start=2024-05-03 tf=1m
2026-08-28 21:07:52 [info     ] options.fetch                  contracts=2 end=2024-05-10 start=2024-05-03 tf=1d
2026-08-28 21:07:52 [info     ] options.fetch                  contracts=1 end=2024-05-17 start=2024-05-03 tf=1m
2026-08-28 21:07:53 [info     ] options.fetch                  contracts=1 end=2024-05-17 start=2024-05-03 tf=1m
2026-08-28 21:07:53 [info     ] options.fetch                  contracts=1 end=2024-05-17 start=2024-05-03 tf=1m
2026-08-28 21:07:53 [info     ] options.fetch                  contracts=1 end=2024-05-10 start=2024-05-03 tf=1d
2026-08-28 21:07:53 [info     ] options.fetch                  contracts=5 end=2024-05-10 start=2024-05-03 tf=1d
2026-08-28 21:07:53 [info     ] options.fetch                  contracts=1 end=2024-05-17 start=2024-05-03 tf=1m
2026-08-28 21:07:53 [info     ] options.fetch                  contracts=1 end=2024-05-17 start=2024-05-03 tf=1m
2026-08-28 21:07:54 [info     ] pipeline.progress              done=275 structure=debit_spread total=2565
2026-08-28 21:07:54 [info     ] options.fetch                  contracts=2 end=2024-05-10 start=2024-05-03 tf=1d
2026-08-28 21:07:54 [info     ] options.fetch                  contracts=1 end=2024-05-17 start=2024-05-03 tf=1m
2026-08-28 21:07:55 [info     ] options.fetch                  contracts=1 end=2024-05-17 start=2024-05-03 tf=1m
2026-08-28 21:07:55 [info     ] options.fetch                  contracts=1 end=2024-05-17 start=2024-05-03 tf=1m
2026-08-28 21:07:55 [info     ] options.fetch                  contracts=1 end=2024-05-10 start=2024-05-03 tf=1d
2026-08-28 21:07:55 [info     ] options.fetch                  contracts=1 end=2024-05-17 start=2024-05-03 tf=1m
2026-08-28 21:07:56 [info     ] options.fetch                  contracts=1 end=2024-05-17 start=2024-05-03 tf=1m
2026-08-28 21:07:56 [info     ] options.fetch                  contracts=1 end=2024-05-17 start=2024-05-03 tf=1m
2026-08-28 21:07:56 [info     ] options.fetch                  contracts=2 end=2024-05-17 start=2024-05-06 tf=1d
2026-08-28 21:07:56 [info     ] options.fetch                  contracts=1 end=2024-05-17 start=2024-05-06 tf=1m
2026-08-28 21:07:56 [info     ] options.fetch                  contracts=17 end=2024-05-17 start=2024-05-06 tf=1d
2026-08-28 21:07:57 [info     ] options.fetch                  contracts=1 end=2024-05-17 start=2024-05-06 tf=1m
2026-08-28 21:07:57 [info     ] options.fetch                  contracts=1 end=2024-05-17 start=2024-05-06 tf=1m
2026-08-28 21:07:57 [info     ] options.fetch                  contracts=4 end=2024-05-17 start=2024-05-06 tf=1d
2026-08-28 21:07:57 [info     ] options.fetch                  contracts=1 end=2024-05-17 start=2024-05-06 tf=1m
2026-08-28 21:07:57 [info     ] options.fetch                  contracts=1 end=2024-05-17 start=2024-05-06 tf=1m
2026-08-28 21:07:57 [info     ] options.fetch                  contracts=1 end=2024-05-17 start=2024-05-06 tf=1d
2026-08-28 21:07:57 [info     ] options.fetch                  contracts=1 end=2024-05-17 start=2024-05-06 tf=1m
2026-08-28 21:07:57 [info     ] options.fetch                  contracts=1 end=2024-05-17 start=2024-05-06 tf=1m
2026-08-28 21:07:58 [info     ] options.fetch                  contracts=4 end=2024-05-17 start=2024-05-06 tf=1d
2026-08-28 21:07:58 [info     ] options.fetch                  contracts=1 end=2024-05-17 start=2024-05-06 tf=1m
2026-08-28 21:07:58 [info     ] options.fetch                  contracts=1 end=2024-05-17 start=2024-05-06 tf=1m
2026-08-28 21:07:58 [info     ] options.fetch                  contracts=1 end=2024-05-17 start=2024-05-06 tf=1d
2026-08-28 21:07:59 [info     ] options.fetch                  contracts=1 end=2024-05-17 start=2024-05-06 tf=1m
2026-08-28 21:07:59 [info     ] options.fetch                  contracts=1 end=2024-05-17 start=2024-05-07 tf=1d
2026-08-28 21:07:59 [info     ] options.fetch                  contracts=1 end=2024-05-17 start=2024-05-07 tf=1m
2026-08-28 21:07:59 [info     ] options.fetch                  contracts=1 end=2024-05-17 start=2024-05-07 tf=1m
2026-08-28 21:07:59 [info     ] options.fetch                  contracts=1 end=2024-05-17 start=2024-05-08 tf=1m
2026-08-28 21:07:59 [info     ] options.fetch                  contracts=1 end=2024-05-17 start=2024-05-08 tf=1m
2026-08-28 21:08:00 [info     ] options.fetch                  contracts=1 end=2024-05-17 start=2024-05-09 tf=1d
2026-08-28 21:08:00 [info     ] options.fetch                  contracts=1 end=2024-05-17 start=2024-05-09 tf=1m
2026-08-28 21:08:00 [info     ] options.fetch                  contracts=1 end=2024-05-17 start=2024-05-09 tf=1d
2026-08-28 21:08:00 [info     ] options.fetch                  contracts=1 end=2024-05-17 start=2024-05-10 tf=1d
2026-08-28 21:08:00 [info     ] options.fetch                  contracts=2 end=2024-05-24 start=2024-05-13 tf=1d
2026-08-28 21:08:01 [info     ] options.fetch                  contracts=1 end=2024-05-24 start=2024-05-13 tf=1m
2026-08-28 21:08:01 [info     ] options.fetch                  contracts=1 end=2024-05-24 start=2024-05-13 tf=1m
2026-08-28 21:08:01 [info     ] options.fetch                  contracts=1 end=2024-05-24 start=2024-05-13 tf=1m
2026-08-28 21:08:01 [info     ] options.fetch                  contracts=8 end=2024-05-24 start=2024-05-13 tf=1d
2026-08-28 21:08:01 [info     ] options.fetch                  contracts=1 end=2024-05-24 start=2024-05-13 tf=1m
2026-08-28 21:08:01 [info     ] options.fetch                  contracts=1 end=2024-05-24 start=2024-05-13 tf=1m
2026-08-28 21:08:02 [info     ] options.fetch                  contracts=1 end=2024-05-24 start=2024-05-13 tf=1m
2026-08-28 21:08:02 [info     ] options.fetch                  contracts=1 end=2024-05-24 start=2024-05-14 tf=1m
2026-08-28 21:08:02 [info     ] options.fetch                  contracts=1 end=2024-05-24 start=2024-05-14 tf=1d
2026-08-28 21:08:02 [info     ] options.fetch                  contracts=1 end=2024-05-24 start=2024-05-14 tf=1m
2026-08-28 21:08:03 [info     ] options.fetch                  contracts=1 end=2024-05-24 start=2024-05-15 tf=1d
2026-08-28 21:08:03 [info     ] options.fetch                  contracts=1 end=2024-05-24 start=2024-05-15 tf=1m
2026-08-28 21:08:03 [info     ] options.fetch                  contracts=1 end=2024-05-24 start=2024-05-15 tf=1m
2026-08-28 21:08:03 [info     ] pipeline.progress              done=300 structure=debit_spread total=2565
2026-08-28 21:08:03 [info     ] options.fetch                  contracts=2 end=2024-05-24 start=2024-05-15 tf=1d
2026-08-28 21:08:03 [info     ] options.fetch                  contracts=1 end=2024-05-24 start=2024-05-15 tf=1m
2026-08-28 21:08:03 [info     ] options.fetch                  contracts=1 end=2024-05-24 start=2024-05-15 tf=1m
2026-08-28 21:08:04 [info     ] options.fetch                  contracts=9 end=2024-05-24 start=2024-05-15 tf=1d
2026-08-28 21:08:04 [info     ] options.fetch                  contracts=1 end=2024-05-24 start=2024-05-15 tf=1m
2026-08-28 21:08:04 [info     ] options.fetch                  contracts=1 end=2024-05-24 start=2024-05-15 tf=1m
2026-08-28 21:08:04 [info     ] options.fetch                  contracts=1 end=2024-05-24 start=2024-05-16 tf=1m
2026-08-28 21:08:04 [info     ] options.fetch                  contracts=1 end=2024-05-24 start=2024-05-16 tf=1m
2026-08-28 21:08:04 [info     ] options.fetch                  contracts=1 end=2024-05-24 start=2024-05-16 tf=1m
2026-08-28 21:08:05 [info     ] options.fetch                  contracts=2 end=2024-05-24 start=2024-05-17 tf=1d
2026-08-28 21:08:05 [info     ] options.fetch                  contracts=1 end=2024-05-31 start=2024-05-17 tf=1m
2026-08-28 21:08:05 [info     ] options.fetch                  contracts=1 end=2024-05-31 start=2024-05-17 tf=1m
2026-08-28 21:08:05 [info     ] options.fetch                  contracts=1 end=2024-05-24 start=2024-05-17 tf=1d
2026-08-28 21:08:05 [info     ] options.fetch                  contracts=1 end=2024-05-31 start=2024-05-17 tf=1m
2026-08-28 21:08:05 [info     ] options.fetch                  contracts=15 end=2024-05-31 start=2024-05-20 tf=1d
2026-08-28 21:08:06 [info     ] options.fetch                  contracts=1 end=2024-05-31 start=2024-05-20 tf=1m
2026-08-28 21:08:06 [info     ] options.fetch                  contracts=1 end=2024-05-31 start=2024-05-20 tf=1m
2026-08-28 21:08:06 [info     ] options.fetch                  contracts=1 end=2024-05-31 start=2024-05-20 tf=1m
2026-08-28 21:08:06 [info     ] options.fetch                  contracts=11 end=2024-05-31 start=2024-05-20 tf=1d
2026-08-28 21:08:06 [info     ] options.fetch                  contracts=1 end=2024-05-31 start=2024-05-20 tf=1m
2026-08-28 21:08:06 [info     ] options.fetch                  contracts=1 end=2024-05-31 start=2024-05-20 tf=1m
2026-08-28 21:08:07 [info     ] options.fetch                  contracts=17 end=2024-05-31 start=2024-05-20 tf=1d
2026-08-28 21:08:07 [info     ] options.fetch                  contracts=1 end=2024-05-31 start=2024-05-20 tf=1m
2026-08-28 21:08:07 [info     ] options.fetch                  contracts=1 end=2024-05-31 start=2024-05-20 tf=1m
2026-08-28 21:08:07 [info     ] options.fetch                  contracts=12 end=2024-05-31 start=2024-05-21 tf=1d
2026-08-28 21:08:07 [info     ] options.fetch                  contracts=11 end=2024-05-31 start=2024-05-21 tf=1d
2026-08-28 21:08:07 [info     ] options.fetch                  contracts=1 end=2024-05-31 start=2024-05-21 tf=1m
2026-08-28 21:08:07 [info     ] options.fetch                  contracts=1 end=2024-05-31 start=2024-05-21 tf=1m
2026-08-28 21:08:08 [info     ] options.fetch                  contracts=1 end=2024-05-31 start=2024-05-21 tf=1d
2026-08-28 21:08:08 [info     ] options.fetch                  contracts=1 end=2024-05-31 start=2024-05-21 tf=1m
2026-08-28 21:08:08 [info     ] options.fetch                  contracts=23 end=2024-05-31 start=2024-05-21 tf=1d
2026-08-28 21:08:08 [info     ] options.fetch                  contracts=1 end=2024-05-31 start=2024-05-21 tf=1m
2026-08-28 21:08:08 [info     ] options.fetch                  contracts=1 end=2024-05-31 start=2024-05-21 tf=1m
2026-08-28 21:08:11 [info     ] options.fetch                  contracts=9 end=2024-05-31 start=2024-05-22 tf=1d
2026-08-28 21:08:11 [info     ] options.fetch                  contracts=1 end=2024-05-31 start=2024-05-22 tf=1m
2026-08-28 21:08:11 [info     ] options.fetch                  contracts=1 end=2024-05-31 start=2024-05-22 tf=1m
2026-08-28 21:08:12 [info     ] options.fetch                  contracts=1 end=2024-05-31 start=2024-05-22 tf=1m
2026-08-28 21:08:12 [info     ] options.fetch                  contracts=1 end=2024-05-31 start=2024-05-22 tf=1d
2026-08-28 21:08:12 [info     ] options.fetch                  contracts=1 end=2024-05-31 start=2024-05-22 tf=1d
2026-08-28 21:08:12 [info     ] options.fetch                  contracts=1 end=2024-05-31 start=2024-05-22 tf=1m
2026-08-28 21:08:12 [info     ] options.fetch                  contracts=1 end=2024-05-31 start=2024-05-22 tf=1m
2026-08-28 21:08:13 [info     ] options.fetch                  contracts=5 end=2024-05-31 start=2024-05-22 tf=1d
2026-08-28 21:08:13 [info     ] options.fetch                  contracts=1 end=2024-05-31 start=2024-05-22 tf=1m
2026-08-28 21:08:13 [info     ] options.fetch                  contracts=1 end=2024-05-31 start=2024-05-22 tf=1m
2026-08-28 21:08:13 [info     ] options.fetch                  contracts=3 end=2024-05-31 start=2024-05-24 tf=1d
2026-08-28 21:08:13 [info     ] options.fetch                  contracts=1 end=2024-06-07 start=2024-05-24 tf=1m
2026-08-28 21:08:13 [info     ] options.fetch                  contracts=1 end=2024-06-07 start=2024-05-24 tf=1m
2026-08-28 21:08:14 [info     ] options.fetch                  contracts=4 end=2024-05-31 start=2024-05-24 tf=1d
2026-08-28 21:08:14 [info     ] options.fetch                  contracts=1 end=2024-05-31 start=2024-05-24 tf=1d
2026-08-28 21:08:14 [info     ] options.fetch                  contracts=1 end=2024-06-07 start=2024-05-24 tf=1m
2026-08-28 21:08:14 [info     ] pipeline.progress              done=325 structure=debit_spread total=2565
2026-08-28 21:08:14 [info     ] options.fetch                  contracts=18 end=2024-05-31 start=2024-05-24 tf=1d
2026-08-28 21:08:15 [info     ] options.fetch                  contracts=1 end=2024-06-07 start=2024-05-24 tf=1m
2026-08-28 21:08:15 [info     ] options.fetch                  contracts=1 end=2024-06-07 start=2024-05-24 tf=1m
2026-08-28 21:08:15 [info     ] options.fetch                  contracts=9 end=2024-05-31 start=2024-05-24 tf=1d
2026-08-28 21:08:15 [info     ] options.fetch                  contracts=1 end=2024-06-07 start=2024-05-24 tf=1m
2026-08-28 21:08:16 [info     ] options.fetch                  contracts=1 end=2024-06-07 start=2024-05-24 tf=1m
2026-08-28 21:08:16 [info     ] options.fetch                  contracts=4 end=2024-05-31 start=2024-05-24 tf=1d
2026-08-28 21:08:16 [info     ] options.fetch                  contracts=1 end=2024-06-07 start=2024-05-24 tf=1m
2026-08-28 21:08:16 [info     ] options.fetch                  contracts=1 end=2024-06-07 start=2024-05-24 tf=1m
2026-08-28 21:08:16 [info     ] options.fetch                  contracts=1 end=2024-05-31 start=2024-05-24 tf=1d
2026-08-28 21:08:20 [info     ] options.fetch                  contracts=1 end=2024-06-07 start=2024-05-24 tf=1m
2026-08-28 21:08:20 [info     ] options.fetch                  contracts=8 end=2024-05-31 start=2024-05-24 tf=1d
2026-08-28 21:08:20 [info     ] options.fetch                  contracts=1 end=2024-06-07 start=2024-05-24 tf=1m
2026-08-28 21:08:21 [info     ] options.fetch                  contracts=1 end=2024-06-07 start=2024-05-24 tf=1m
2026-08-28 21:08:21 [info     ] options.fetch                  contracts=18 end=2024-06-07 start=2024-05-28 tf=1d
2026-08-28 21:08:21 [info     ] options.fetch                  contracts=1 end=2024-06-07 start=2024-05-28 tf=1m
2026-08-28 21:08:21 [info     ] options.fetch                  contracts=1 end=2024-06-07 start=2024-05-28 tf=1m
2026-08-28 21:08:21 [info     ] options.fetch                  contracts=9 end=2024-06-07 start=2024-05-28 tf=1d
2026-08-28 21:08:21 [info     ] options.fetch                  contracts=1 end=2024-06-07 start=2024-05-28 tf=1m
2026-08-28 21:08:21 [info     ] options.fetch                  contracts=1 end=2024-06-07 start=2024-05-28 tf=1m
2026-08-28 21:08:22 [info     ] options.fetch                  contracts=1 end=2024-06-07 start=2024-05-28 tf=1d
2026-08-28 21:08:22 [info     ] options.fetch                  contracts=1 end=2024-06-07 start=2024-05-28 tf=1m
2026-08-28 21:08:22 [info     ] options.fetch                  contracts=1 end=2024-06-07 start=2024-05-28 tf=1d
2026-08-28 21:08:22 [info     ] options.fetch                  contracts=2 end=2024-06-07 start=2024-05-28 tf=1d
2026-08-28 21:08:22 [info     ] options.fetch                  contracts=1 end=2024-06-07 start=2024-05-28 tf=1m
2026-08-28 21:08:22 [info     ] options.fetch                  contracts=1 end=2024-06-07 start=2024-05-28 tf=1m
2026-08-28 21:08:22 [info     ] options.fetch                  contracts=1 end=2024-06-07 start=2024-05-28 tf=1m
2026-08-28 21:08:22 [info     ] options.fetch                  contracts=12 end=2024-06-07 start=2024-05-28 tf=1d
2026-08-28 21:08:23 [info     ] options.fetch                  contracts=1 end=2024-06-07 start=2024-05-28 tf=1m
2026-08-28 21:08:23 [info     ] options.fetch                  contracts=1 end=2024-06-07 start=2024-05-28 tf=1m
2026-08-28 21:08:23 [info     ] options.fetch                  contracts=1 end=2024-06-07 start=2024-05-29 tf=1m
2026-08-28 21:08:24 [info     ] options.fetch                  contracts=1 end=2024-06-07 start=2024-05-30 tf=1m
2026-08-28 21:08:24 [info     ] options.fetch                  contracts=1 end=2024-06-07 start=2024-05-30 tf=1d
2026-08-28 21:08:24 [info     ] options.fetch                  contracts=1 end=2024-06-07 start=2024-05-30 tf=1m
2026-08-28 21:08:24 [info     ] options.fetch                  contracts=1 end=2024-06-07 start=2024-05-30 tf=1d
2026-08-28 21:08:24 [info     ] options.fetch                  contracts=1 end=2024-06-07 start=2024-05-30 tf=1m
2026-08-28 21:08:24 [info     ] options.fetch                  contracts=1 end=2024-06-07 start=2024-05-30 tf=1m
2026-08-28 21:08:24 [info     ] options.fetch                  contracts=20 end=2024-06-07 start=2024-05-30 tf=1d
2026-08-28 21:08:28 [info     ] options.fetch                  contracts=1 end=2024-06-07 start=2024-05-30 tf=1m
2026-08-28 21:08:28 [info     ] options.fetch                  contracts=1 end=2024-06-07 start=2024-05-30 tf=1m
2026-08-28 21:08:28 [info     ] options.fetch                  contracts=1 end=2024-06-07 start=2024-05-30 tf=1d
2026-08-28 21:08:28 [info     ] options.fetch                  contracts=1 end=2024-06-07 start=2024-05-30 tf=1m
2026-08-28 21:08:28 [info     ] options.fetch                  contracts=1 end=2024-06-07 start=2024-05-30 tf=1d
2026-08-28 21:08:28 [info     ] options.fetch                  contracts=16 end=2024-06-07 start=2024-05-30 tf=1d
2026-08-28 21:08:29 [info     ] options.fetch                  contracts=1 end=2024-06-07 start=2024-05-30 tf=1m
2026-08-28 21:08:29 [info     ] options.fetch                  contracts=1 end=2024-06-07 start=2024-05-30 tf=1m
2026-08-28 21:08:29 [info     ] options.fetch                  contracts=1 end=2024-06-07 start=2024-05-31 tf=1d
2026-08-28 21:08:29 [info     ] options.fetch                  contracts=1 end=2024-06-14 start=2024-05-31 tf=1m
2026-08-28 21:08:29 [info     ] options.fetch                  contracts=1 end=2024-06-14 start=2024-05-31 tf=1m
2026-08-28 21:08:30 [info     ] pipeline.progress              done=350 structure=debit_spread total=2565
2026-08-28 21:08:30 [info     ] options.fetch                  contracts=1 end=2024-06-07 start=2024-05-31 tf=1d
2026-08-28 21:08:30 [info     ] options.fetch                  contracts=1 end=2024-06-14 start=2024-05-31 tf=1m
2026-08-28 21:08:30 [info     ] options.fetch                  contracts=1 end=2024-06-14 start=2024-05-31 tf=1m
2026-08-28 21:08:30 [info     ] options.fetch                  contracts=1 end=2024-06-14 start=2024-05-31 tf=1m
2026-08-28 21:08:30 [info     ] options.fetch                  contracts=16 end=2024-06-07 start=2024-05-31 tf=1d
2026-08-28 21:08:31 [info     ] options.fetch                  contracts=1 end=2024-06-14 start=2024-05-31 tf=1m
2026-08-28 21:08:31 [info     ] options.fetch                  contracts=1 end=2024-06-14 start=2024-05-31 tf=1m
2026-08-28 21:08:31 [info     ] options.fetch                  contracts=1 end=2024-06-14 start=2024-05-31 tf=1m
2026-08-28 21:08:31 [info     ] options.fetch                  contracts=15 end=2024-06-07 start=2024-05-31 tf=1d
2026-08-28 21:08:31 [info     ] options.fetch                  contracts=1 end=2024-06-14 start=2024-05-31 tf=1m
2026-08-28 21:08:31 [info     ] options.fetch                  contracts=1 end=2024-06-14 start=2024-05-31 tf=1m
2026-08-28 21:08:32 [info     ] options.fetch                  contracts=1 end=2024-06-07 start=2024-05-31 tf=1d
2026-08-28 21:08:35 [info     ] options.fetch                  contracts=2 end=2024-06-07 start=2024-05-31 tf=1d
2026-08-28 21:08:35 [info     ] options.fetch                  contracts=1 end=2024-06-14 start=2024-05-31 tf=1m
2026-08-28 21:08:35 [info     ] options.fetch                  contracts=1 end=2024-06-14 start=2024-05-31 tf=1m
2026-08-28 21:08:36 [info     ] options.fetch                  contracts=1 end=2024-06-07 start=2024-05-31 tf=1d
2026-08-28 21:08:36 [info     ] options.fetch                  contracts=1 end=2024-06-14 start=2024-05-31 tf=1m
2026-08-28 21:08:36 [info     ] options.fetch                  contracts=1 end=2024-06-07 start=2024-05-31 tf=1d
2026-08-28 21:08:36 [info     ] options.fetch                  contracts=1 end=2024-06-14 start=2024-05-31 tf=1m
2026-08-28 21:08:36 [info     ] options.fetch                  contracts=22 end=2024-06-07 start=2024-05-31 tf=1d
2026-08-28 21:08:37 [info     ] options.fetch                  contracts=1 end=2024-06-14 start=2024-05-31 tf=1m
2026-08-28 21:08:37 [info     ] options.fetch                  contracts=1 end=2024-06-14 start=2024-05-31 tf=1m
2026-08-28 21:08:37 [info     ] options.fetch                  contracts=3 end=2024-06-14 start=2024-06-03 tf=1d
2026-08-28 21:08:37 [info     ] options.fetch                  contracts=1 end=2024-06-14 start=2024-06-03 tf=1m
2026-08-28 21:08:37 [info     ] options.fetch                  contracts=1 end=2024-06-14 start=2024-06-03 tf=1m
2026-08-28 21:08:37 [info     ] options.fetch                  contracts=14 end=2024-06-14 start=2024-06-03 tf=1d
2026-08-28 21:08:38 [info     ] options.fetch                  contracts=1 end=2024-06-14 start=2024-06-03 tf=1m
2026-08-28 21:08:38 [info     ] options.fetch                  contracts=1 end=2024-06-14 start=2024-06-03 tf=1m
2026-08-28 21:08:38 [info     ] options.fetch                  contracts=1 end=2024-06-14 start=2024-06-03 tf=1m
2026-08-28 21:08:38 [info     ] options.fetch                  contracts=1 end=2024-06-14 start=2024-06-03 tf=1m
2026-08-28 21:08:38 [info     ] options.fetch                  contracts=13 end=2024-06-14 start=2024-06-03 tf=1d
2026-08-28 21:08:38 [info     ] options.fetch                  contracts=1 end=2024-06-14 start=2024-06-03 tf=1m
2026-08-28 21:08:38 [info     ] options.fetch                  contracts=1 end=2024-06-14 start=2024-06-03 tf=1m
2026-08-28 21:08:39 [info     ] options.fetch                  contracts=1 end=2024-06-14 start=2024-06-05 tf=1d
2026-08-28 21:08:39 [info     ] options.fetch                  contracts=1 end=2024-06-14 start=2024-06-05 tf=1m
2026-08-28 21:08:39 [info     ] options.fetch                  contracts=1 end=2024-06-14 start=2024-06-05 tf=1m
2026-08-28 21:08:42 [info     ] options.fetch                  contracts=1 end=2024-06-14 start=2024-06-05 tf=1d
2026-08-28 21:08:42 [info     ] options.fetch                  contracts=17 end=2024-06-14 start=2024-06-05 tf=1d
2026-08-28 21:08:42 [info     ] options.fetch                  contracts=1 end=2024-06-14 start=2024-06-05 tf=1m
2026-08-28 21:08:42 [info     ] options.fetch                  contracts=1 end=2024-06-14 start=2024-06-05 tf=1m
2026-08-28 21:08:43 [info     ] options.fetch                  contracts=1 end=2024-06-14 start=2024-06-05 tf=1m
2026-08-28 21:08:43 [info     ] options.fetch                  contracts=2 end=2024-06-14 start=2024-06-05 tf=1d
2026-08-28 21:08:43 [info     ] options.fetch                  contracts=1 end=2024-06-14 start=2024-06-05 tf=1m
2026-08-28 21:08:43 [info     ] options.fetch                  contracts=1 end=2024-06-14 start=2024-06-05 tf=1m
2026-08-28 21:08:44 [info     ] options.fetch                  contracts=1 end=2024-06-14 start=2024-06-06 tf=1m
2026-08-28 21:08:44 [info     ] options.fetch                  contracts=1 end=2024-06-14 start=2024-06-06 tf=1d
2026-08-28 21:08:44 [info     ] options.fetch                  contracts=1 end=2024-06-14 start=2024-06-06 tf=1m
2026-08-28 21:08:44 [info     ] options.fetch                  contracts=1 end=2024-06-14 start=2024-06-06 tf=1m
2026-08-28 21:08:44 [info     ] options.fetch                  contracts=11 end=2024-06-14 start=2024-06-06 tf=1d
2026-08-28 21:08:44 [info     ] options.fetch                  contracts=1 end=2024-06-14 start=2024-06-06 tf=1m
2026-08-28 21:08:44 [info     ] options.fetch                  contracts=1 end=2024-06-14 start=2024-06-06 tf=1m
2026-08-28 21:08:45 [info     ] pipeline.progress              done=375 structure=debit_spread total=2565
2026-08-28 21:08:45 [info     ] options.fetch                  contracts=2 end=2024-06-14 start=2024-06-06 tf=1d
2026-08-28 21:08:45 [info     ] options.fetch                  contracts=1 end=2024-06-14 start=2024-06-06 tf=1m
2026-08-28 21:08:45 [info     ] options.fetch                  contracts=18 end=2024-06-14 start=2024-06-07 tf=1d
2026-08-28 21:08:45 [info     ] options.fetch                  contracts=1 end=2024-06-21 start=2024-06-07 tf=1m
2026-08-28 21:08:45 [info     ] options.fetch                  contracts=1 end=2024-06-21 start=2024-06-07 tf=1m
2026-08-28 21:08:46 [info     ] options.fetch                  contracts=1 end=2024-06-21 start=2024-06-07 tf=1m
2026-08-28 21:08:46 [info     ] options.fetch                  contracts=1 end=2024-06-21 start=2024-06-07 tf=1m
2026-08-28 21:08:46 [info     ] options.fetch                  contracts=1 end=2024-06-14 start=2024-06-07 tf=1d
2026-08-28 21:08:46 [info     ] options.fetch                  contracts=1 end=2024-06-21 start=2024-06-07 tf=1m
2026-08-28 21:08:47 [info     ] options.fetch                  contracts=1 end=2024-06-21 start=2024-06-07 tf=1m
2026-08-28 21:08:47 [info     ] options.fetch                  contracts=1 end=2024-06-14 start=2024-06-07 tf=1d
2026-08-28 21:08:47 [info     ] options.fetch                  contracts=1 end=2024-06-21 start=2024-06-07 tf=1m
2026-08-28 21:08:47 [info     ] options.fetch                  contracts=1 end=2024-06-14 start=2024-06-07 tf=1d
2026-08-28 21:08:50 [info     ] options.fetch                  contracts=1 end=2024-06-21 start=2024-06-07 tf=1m
2026-08-28 21:08:51 [info     ] options.fetch                  contracts=17 end=2024-06-14 start=2024-06-07 tf=1d
2026-08-28 21:08:51 [info     ] options.fetch                  contracts=1 end=2024-06-21 start=2024-06-07 tf=1m
2026-08-28 21:08:51 [info     ] options.fetch                  contracts=1 end=2024-06-21 start=2024-06-07 tf=1m
2026-08-28 21:08:51 [info     ] options.fetch                  contracts=2 end=2024-06-14 start=2024-06-07 tf=1d
2026-08-28 21:08:51 [info     ] options.fetch                  contracts=1 end=2024-06-21 start=2024-06-07 tf=1m
2026-08-28 21:08:51 [info     ] options.fetch                  contracts=1 end=2024-06-21 start=2024-06-07 tf=1m
2026-08-28 21:08:52 [info     ] options.fetch                  contracts=2 end=2024-06-21 start=2024-06-10 tf=1d
2026-08-28 21:08:52 [info     ] options.fetch                  contracts=1 end=2024-06-21 start=2024-06-10 tf=1m
2026-08-28 21:08:52 [info     ] options.fetch                  contracts=1 end=2024-06-21 start=2024-06-10 tf=1m
2026-08-28 21:08:52 [info     ] options.fetch                  contracts=17 end=2024-06-21 start=2024-06-10 tf=1d
2026-08-28 21:08:52 [info     ] options.fetch                  contracts=1 end=2024-06-21 start=2024-06-10 tf=1m
2026-08-28 21:08:52 [info     ] options.fetch                  contracts=1 end=2024-06-21 start=2024-06-10 tf=1m
2026-08-28 21:08:52 [info     ] options.fetch                  contracts=1 end=2024-06-21 start=2024-06-10 tf=1d
2026-08-28 21:08:52 [info     ] options.fetch                  contracts=1 end=2024-06-21 start=2024-06-10 tf=1m
2026-08-28 21:08:53 [info     ] options.fetch                  contracts=1 end=2024-06-21 start=2024-06-10 tf=1d
2026-08-28 21:08:53 [info     ] options.fetch                  contracts=1 end=2024-06-21 start=2024-06-10 tf=1m
2026-08-28 21:08:53 [info     ] options.fetch                  contracts=1 end=2024-06-21 start=2024-06-10 tf=1m
2026-08-28 21:08:53 [info     ] options.fetch                  contracts=1 end=2024-06-21 start=2024-06-10 tf=1d
2026-08-28 21:08:53 [info     ] options.fetch                  contracts=1 end=2024-06-21 start=2024-06-10 tf=1m
2026-08-28 21:08:54 [info     ] options.fetch                  contracts=1 end=2024-06-21 start=2024-06-10 tf=1d
2026-08-28 21:08:57 [info     ] options.fetch                  contracts=2 end=2024-06-21 start=2024-06-11 tf=1d
2026-08-28 21:08:57 [info     ] options.fetch                  contracts=1 end=2024-06-21 start=2024-06-11 tf=1m
2026-08-28 21:08:57 [info     ] options.fetch                  contracts=1 end=2024-06-21 start=2024-06-12 tf=1d
2026-08-28 21:08:57 [info     ] options.fetch                  contracts=1 end=2024-06-21 start=2024-06-12 tf=1m
2026-08-28 21:08:57 [info     ] options.fetch                  contracts=1 end=2024-06-21 start=2024-06-12 tf=1m
2026-08-28 21:08:58 [info     ] options.fetch                  contracts=1 end=2024-06-21 start=2024-06-12 tf=1m
2026-08-28 21:08:58 [info     ] options.fetch                  contracts=1 end=2024-06-21 start=2024-06-12 tf=1m
2026-08-28 21:08:59 [info     ] options.fetch                  contracts=2 end=2024-06-21 start=2024-06-14 tf=1d
2026-08-28 21:08:59 [info     ] options.fetch                  contracts=1 end=2024-06-28 start=2024-06-14 tf=1m
2026-08-28 21:08:59 [info     ] options.fetch                  contracts=1 end=2024-06-28 start=2024-06-14 tf=1m
2026-08-28 21:08:59 [info     ] options.fetch                  contracts=6 end=2024-06-21 start=2024-06-14 tf=1d
2026-08-28 21:09:00 [info     ] options.fetch                  contracts=1 end=2024-06-28 start=2024-06-14 tf=1m
2026-08-28 21:09:00 [info     ] options.fetch                  contracts=1 end=2024-06-28 start=2024-06-14 tf=1m
2026-08-28 21:09:00 [info     ] pipeline.progress              done=400 structure=debit_spread total=2565
2026-08-28 21:09:00 [info     ] options.fetch                  contracts=1 end=2024-06-21 start=2024-06-14 tf=1d
2026-08-28 21:09:01 [info     ] options.fetch                  contracts=1 end=2024-06-28 start=2024-06-14 tf=1m
2026-08-28 21:09:01 [info     ] options.fetch                  contracts=1 end=2024-06-28 start=2024-06-14 tf=1m
2026-08-28 21:09:01 [info     ] options.fetch                  contracts=1 end=2024-06-21 start=2024-06-14 tf=1d
2026-08-28 21:09:02 [info     ] options.fetch                  contracts=1 end=2024-06-28 start=2024-06-14 tf=1m
2026-08-28 21:09:02 [info     ] options.fetch                  contracts=1 end=2024-06-28 start=2024-06-14 tf=1m
2026-08-28 21:09:02 [info     ] options.fetch                  contracts=19 end=2024-06-21 start=2024-06-14 tf=1d
2026-08-28 21:09:03 [info     ] options.fetch                  contracts=1 end=2024-06-28 start=2024-06-14 tf=1m
2026-08-28 21:09:03 [info     ] options.fetch                  contracts=1 end=2024-06-28 start=2024-06-14 tf=1m
2026-08-28 21:09:04 [info     ] options.fetch                  contracts=19 end=2024-06-28 start=2024-06-17 tf=1d
2026-08-28 21:09:04 [info     ] options.fetch                  contracts=1 end=2024-06-28 start=2024-06-17 tf=1m
2026-08-28 21:09:04 [info     ] options.fetch                  contracts=1 end=2024-06-28 start=2024-06-17 tf=1m
2026-08-28 21:09:04 [info     ] options.fetch                  contracts=20 end=2024-06-28 start=2024-06-17 tf=1d
2026-08-28 21:09:05 [info     ] options.fetch                  contracts=1 end=2024-06-28 start=2024-06-17 tf=1m
2026-08-28 21:09:05 [info     ] options.fetch                  contracts=1 end=2024-06-28 start=2024-06-17 tf=1m
2026-08-28 21:09:06 [info     ] options.fetch                  contracts=1 end=2024-06-28 start=2024-06-17 tf=1d
2026-08-28 21:09:06 [info     ] options.fetch                  contracts=1 end=2024-06-28 start=2024-06-17 tf=1m
2026-08-28 21:09:06 [info     ] options.fetch                  contracts=2 end=2024-06-28 start=2024-06-17 tf=1d
2026-08-28 21:09:06 [info     ] options.fetch                  contracts=1 end=2024-06-28 start=2024-06-17 tf=1m
2026-08-28 21:09:07 [info     ] options.fetch                  contracts=9 end=2024-06-28 start=2024-06-17 tf=1d
2026-08-28 21:09:07 [info     ] options.fetch                  contracts=1 end=2024-06-28 start=2024-06-17 tf=1m
2026-08-28 21:09:07 [info     ] options.fetch                  contracts=1 end=2024-06-28 start=2024-06-17 tf=1m
2026-08-28 21:09:08 [info     ] options.fetch                  contracts=1 end=2024-06-28 start=2024-06-17 tf=1m
2026-08-28 21:09:08 [info     ] options.fetch                  contracts=1 end=2024-06-28 start=2024-06-17 tf=1m
2026-08-28 21:09:08 [info     ] options.fetch                  contracts=1 end=2024-06-28 start=2024-06-17 tf=1m
2026-08-28 21:09:08 [info     ] options.fetch                  contracts=1 end=2024-06-28 start=2024-06-17 tf=1d
2026-08-28 21:09:08 [info     ] options.fetch                  contracts=1 end=2024-06-28 start=2024-06-17 tf=1m
2026-08-28 21:09:09 [info     ] options.fetch                  contracts=1 end=2024-06-28 start=2024-06-17 tf=1m
2026-08-28 21:09:09 [info     ] options.fetch                  contracts=17 end=2024-06-28 start=2024-06-17 tf=1d
2026-08-28 21:09:09 [info     ] options.fetch                  contracts=1 end=2024-06-28 start=2024-06-17 tf=1m
2026-08-28 21:09:09 [info     ] options.fetch                  contracts=1 end=2024-06-28 start=2024-06-17 tf=1m
2026-08-28 21:09:09 [info     ] options.fetch                  contracts=1 end=2024-06-28 start=2024-06-18 tf=1d
2026-08-28 21:09:09 [info     ] options.fetch                  contracts=1 end=2024-06-28 start=2024-06-18 tf=1m
2026-08-28 21:09:09 [info     ] options.fetch                  contracts=1 end=2024-06-28 start=2024-06-18 tf=1d
2026-08-28 21:09:10 [info     ] options.fetch                  contracts=2 end=2024-06-28 start=2024-06-18 tf=1d
2026-08-28 21:09:10 [info     ] options.fetch                  contracts=1 end=2024-06-28 start=2024-06-18 tf=1m
2026-08-28 21:09:10 [info     ] options.fetch                  contracts=1 end=2024-06-28 start=2024-06-18 tf=1m
2026-08-28 21:09:10 [info     ] options.fetch                  contracts=1 end=2024-06-28 start=2024-06-18 tf=1d
2026-08-28 21:09:10 [info     ] options.fetch                  contracts=1 end=2024-06-28 start=2024-06-18 tf=1m
2026-08-28 21:09:10 [info     ] options.fetch                  contracts=1 end=2024-06-28 start=2024-06-18 tf=1d
2026-08-28 21:09:10 [info     ] options.fetch                  contracts=1 end=2024-06-28 start=2024-06-18 tf=1m
2026-08-28 21:09:10 [info     ] options.fetch                  contracts=1 end=2024-06-28 start=2024-06-18 tf=1m
2026-08-28 21:09:11 [info     ] options.fetch                  contracts=1 end=2024-06-28 start=2024-06-18 tf=1d
2026-08-28 21:09:11 [info     ] options.fetch                  contracts=1 end=2024-06-28 start=2024-06-18 tf=1m
2026-08-28 21:09:11 [info     ] options.fetch                  contracts=1 end=2024-06-28 start=2024-06-18 tf=1m
2026-08-28 21:09:14 [info     ] options.fetch                  contracts=1 end=2024-06-28 start=2024-06-18 tf=1d
2026-08-28 21:09:14 [info     ] options.fetch                  contracts=1 end=2024-06-28 start=2024-06-18 tf=1m
2026-08-28 21:09:14 [info     ] options.fetch                  contracts=1 end=2024-06-28 start=2024-06-18 tf=1m
2026-08-28 21:09:14 [info     ] options.fetch                  contracts=2 end=2024-06-28 start=2024-06-18 tf=1d
2026-08-28 21:09:15 [info     ] options.fetch                  contracts=1 end=2024-06-28 start=2024-06-18 tf=1d
2026-08-28 21:09:15 [info     ] options.fetch                  contracts=1 end=2024-06-28 start=2024-06-18 tf=1m
2026-08-28 21:09:15 [info     ] options.fetch                  contracts=8 end=2024-06-28 start=2024-06-20 tf=1d
2026-08-28 21:09:15 [info     ] options.fetch                  contracts=1 end=2024-06-28 start=2024-06-20 tf=1m
2026-08-28 21:09:15 [info     ] options.fetch                  contracts=1 end=2024-06-28 start=2024-06-20 tf=1m
2026-08-28 21:09:15 [info     ] pipeline.progress              done=425 structure=debit_spread total=2565
2026-08-28 21:09:15 [info     ] options.fetch                  contracts=10 end=2024-06-28 start=2024-06-20 tf=1d
2026-08-28 21:09:16 [info     ] options.fetch                  contracts=1 end=2024-06-28 start=2024-06-20 tf=1m
2026-08-28 21:09:16 [info     ] options.fetch                  contracts=1 end=2024-06-28 start=2024-06-20 tf=1m
2026-08-28 21:09:16 [info     ] options.fetch                  contracts=1 end=2024-06-28 start=2024-06-20 tf=1m
2026-08-28 21:09:16 [info     ] options.fetch                  contracts=1 end=2024-06-28 start=2024-06-20 tf=1m
2026-08-28 21:09:16 [info     ] options.fetch                  contracts=1 end=2024-06-28 start=2024-06-20 tf=1d
2026-08-28 21:09:16 [info     ] options.fetch                  contracts=1 end=2024-06-28 start=2024-06-20 tf=1m
2026-08-28 21:09:17 [info     ] options.fetch                  contracts=1 end=2024-07-05 start=2024-06-21 tf=1m
2026-08-28 21:09:17 [info     ] options.fetch                  contracts=1 end=2024-07-05 start=2024-06-21 tf=1m
2026-08-28 21:09:17 [info     ] options.fetch                  contracts=2 end=2024-06-28 start=2024-06-21 tf=1d
2026-08-28 21:09:17 [info     ] options.fetch                  contracts=1 end=2024-07-05 start=2024-06-21 tf=1m
2026-08-28 21:09:17 [info     ] options.fetch                  contracts=1 end=2024-07-05 start=2024-06-21 tf=1m
2026-08-28 21:09:17 [info     ] options.fetch                  contracts=1 end=2024-07-05 start=2024-06-24 tf=1d
2026-08-28 21:09:18 [info     ] options.fetch                  contracts=1 end=2024-07-05 start=2024-06-24 tf=1m
2026-08-28 21:09:21 [info     ] options.fetch                  contracts=15 end=2024-07-05 start=2024-06-26 tf=1d
2026-08-28 21:09:21 [info     ] options.fetch                  contracts=1 end=2024-07-05 start=2024-06-26 tf=1m
2026-08-28 21:09:21 [info     ] options.fetch                  contracts=1 end=2024-07-05 start=2024-06-26 tf=1m
2026-08-28 21:09:21 [info     ] options.fetch                  contracts=1 end=2024-07-05 start=2024-06-26 tf=1d
2026-08-28 21:09:21 [info     ] options.fetch                  contracts=1 end=2024-07-05 start=2024-06-26 tf=1m
2026-08-28 21:09:22 [info     ] options.fetch                  contracts=1 end=2024-07-05 start=2024-06-27 tf=1m
2026-08-28 21:09:22 [info     ] options.fetch                  contracts=3 end=2024-07-05 start=2024-06-27 tf=1d
2026-08-28 21:09:22 [info     ] options.fetch                  contracts=1 end=2024-07-05 start=2024-06-27 tf=1m
2026-08-28 21:09:22 [info     ] options.fetch                  contracts=7 end=2024-07-05 start=2024-06-27 tf=1d
2026-08-28 21:09:22 [info     ] options.fetch                  contracts=1 end=2024-07-05 start=2024-06-27 tf=1m
2026-08-28 21:09:23 [info     ] options.fetch                  contracts=1 end=2024-07-05 start=2024-06-27 tf=1m
2026-08-28 21:09:23 [info     ] options.fetch                  contracts=1 end=2024-07-05 start=2024-06-27 tf=1m
2026-08-28 21:09:23 [info     ] options.fetch                  contracts=1 end=2024-07-05 start=2024-06-27 tf=1d
2026-08-28 21:09:23 [info     ] options.fetch                  contracts=1 end=2024-07-05 start=2024-06-27 tf=1m
2026-08-28 21:09:23 [info     ] options.fetch                  contracts=1 end=2024-07-05 start=2024-06-27 tf=1m
2026-08-28 21:09:23 [info     ] options.fetch                  contracts=2 end=2024-07-05 start=2024-06-27 tf=1d
2026-08-28 21:09:23 [info     ] options.fetch                  contracts=1 end=2024-07-05 start=2024-06-27 tf=1m
2026-08-28 21:09:24 [info     ] options.fetch                  contracts=1 end=2024-07-12 start=2024-06-28 tf=1m
2026-08-28 21:09:24 [info     ] options.fetch                  contracts=1 end=2024-07-05 start=2024-06-28 tf=1d
2026-08-28 21:09:24 [info     ] options.fetch                  contracts=1 end=2024-07-12 start=2024-06-28 tf=1m
2026-08-28 21:09:24 [info     ] options.fetch                  contracts=1 end=2024-07-12 start=2024-06-28 tf=1m
2026-08-28 21:09:24 [info     ] options.fetch                  contracts=2 end=2024-07-05 start=2024-06-28 tf=1d
2026-08-28 21:09:28 [info     ] options.fetch                  contracts=1 end=2024-07-12 start=2024-06-28 tf=1m
2026-08-28 21:09:28 [info     ] options.fetch                  contracts=1 end=2024-07-12 start=2024-06-28 tf=1m
2026-08-28 21:09:28 [info     ] options.fetch                  contracts=1 end=2024-07-12 start=2024-06-28 tf=1m
2026-08-28 21:09:29 [info     ] options.fetch                  contracts=1 end=2024-07-05 start=2024-06-28 tf=1d
2026-08-28 21:09:29 [info     ] options.fetch                  contracts=1 end=2024-07-12 start=2024-06-28 tf=1m
2026-08-28 21:09:29 [info     ] options.fetch                  contracts=2 end=2024-07-12 start=2024-07-01 tf=1d
2026-08-28 21:09:29 [info     ] options.fetch                  contracts=1 end=2024-07-12 start=2024-07-01 tf=1m
2026-08-28 21:09:30 [info     ] options.fetch                  contracts=1 end=2024-07-12 start=2024-07-01 tf=1m
2026-08-28 21:09:30 [info     ] options.fetch                  contracts=1 end=2024-07-12 start=2024-07-01 tf=1d
2026-08-28 21:09:30 [info     ] options.fetch                  contracts=1 end=2024-07-12 start=2024-07-01 tf=1m
2026-08-28 21:09:30 [info     ] options.fetch                  contracts=48 end=2024-07-12 start=2024-07-02 tf=1d
2026-08-28 21:09:31 [info     ] options.fetch                  contracts=1 end=2024-07-12 start=2024-07-02 tf=1m
2026-08-28 21:09:31 [info     ] options.fetch                  contracts=1 end=2024-07-12 start=2024-07-02 tf=1m
2026-08-28 21:09:31 [info     ] options.fetch                  contracts=1 end=2024-07-12 start=2024-07-02 tf=1d
2026-08-28 21:09:31 [info     ] pipeline.progress              done=450 structure=debit_spread total=2565
2026-08-28 21:09:31 [info     ] options.fetch                  contracts=1 end=2024-07-12 start=2024-07-02 tf=1m
2026-08-28 21:09:31 [info     ] options.fetch                  contracts=1 end=2024-07-12 start=2024-07-03 tf=1m
2026-08-28 21:09:31 [info     ] options.fetch                  contracts=1 end=2024-07-12 start=2024-07-03 tf=1m
2026-08-28 21:09:32 [info     ] options.fetch                  contracts=3 end=2024-07-12 start=2024-07-03 tf=1d
2026-08-28 21:09:32 [info     ] options.fetch                  contracts=1 end=2024-07-12 start=2024-07-03 tf=1m
2026-08-28 21:09:32 [info     ] options.fetch                  contracts=1 end=2024-07-12 start=2024-07-03 tf=1m
2026-08-28 21:09:32 [info     ] options.fetch                  contracts=1 end=2024-07-12 start=2024-07-03 tf=1m
2026-08-28 21:09:32 [info     ] options.fetch                  contracts=1 end=2024-07-12 start=2024-07-03 tf=1m
2026-08-28 21:09:32 [info     ] options.fetch                  contracts=3 end=2024-07-12 start=2024-07-03 tf=1d
2026-08-28 21:09:32 [info     ] options.fetch                  contracts=1 end=2024-07-12 start=2024-07-03 tf=1m
2026-08-28 21:09:33 [info     ] options.fetch                  contracts=1 end=2024-07-12 start=2024-07-03 tf=1m
2026-08-28 21:09:33 [info     ] options.fetch                  contracts=1 end=2024-07-19 start=2024-07-05 tf=1m
2026-08-28 21:09:33 [info     ] options.fetch                  contracts=2 end=2024-07-12 start=2024-07-05 tf=1d
2026-08-28 21:09:34 [info     ] options.fetch                  contracts=1 end=2024-07-19 start=2024-07-05 tf=1m
2026-08-28 21:09:34 [info     ] options.fetch                  contracts=1 end=2024-07-19 start=2024-07-05 tf=1m
2026-08-28 21:09:34 [info     ] options.fetch                  contracts=11 end=2024-07-19 start=2024-07-08 tf=1d
2026-08-28 21:09:34 [info     ] options.fetch                  contracts=1 end=2024-07-19 start=2024-07-08 tf=1m
2026-08-28 21:09:34 [info     ] options.fetch                  contracts=1 end=2024-07-19 start=2024-07-08 tf=1m
2026-08-28 21:09:34 [info     ] options.fetch                  contracts=20 end=2024-07-19 start=2024-07-08 tf=1d
2026-08-28 21:09:38 [info     ] options.fetch                  contracts=1 end=2024-07-19 start=2024-07-08 tf=1m
2026-08-28 21:09:38 [info     ] options.fetch                  contracts=1 end=2024-07-19 start=2024-07-08 tf=1m
2026-08-28 21:09:38 [info     ] options.fetch                  contracts=18 end=2024-07-19 start=2024-07-08 tf=1d
2026-08-28 21:09:38 [info     ] options.fetch                  contracts=1 end=2024-07-19 start=2024-07-08 tf=1m
2026-08-28 21:09:38 [info     ] options.fetch                  contracts=1 end=2024-07-19 start=2024-07-08 tf=1m
2026-08-28 21:09:38 [info     ] options.fetch                  contracts=1 end=2024-07-19 start=2024-07-08 tf=1d
2026-08-28 21:09:38 [info     ] options.fetch                  contracts=1 end=2024-07-19 start=2024-07-08 tf=1m
2026-08-28 21:09:39 [info     ] options.fetch                  contracts=1 end=2024-07-19 start=2024-07-09 tf=1m
2026-08-28 21:09:39 [info     ] options.fetch                  contracts=2 end=2024-07-19 start=2024-07-09 tf=1d
2026-08-28 21:09:39 [info     ] options.fetch                  contracts=1 end=2024-07-19 start=2024-07-09 tf=1m
2026-08-28 21:09:39 [info     ] options.fetch                  contracts=1 end=2024-07-19 start=2024-07-09 tf=1m
2026-08-28 21:09:39 [info     ] options.fetch                  contracts=14 end=2024-07-19 start=2024-07-09 tf=1d
2026-08-28 21:09:39 [info     ] options.fetch                  contracts=1 end=2024-07-19 start=2024-07-09 tf=1m
2026-08-28 21:09:39 [info     ] options.fetch                  contracts=1 end=2024-07-19 start=2024-07-09 tf=1m
2026-08-28 21:09:40 [info     ] options.fetch                  contracts=1 end=2024-07-19 start=2024-07-10 tf=1d
2026-08-28 21:09:40 [info     ] options.fetch                  contracts=1 end=2024-07-19 start=2024-07-10 tf=1m
2026-08-28 21:09:40 [info     ] options.fetch                  contracts=1 end=2024-07-19 start=2024-07-10 tf=1d
2026-08-28 21:09:40 [info     ] options.fetch                  contracts=1 end=2024-07-19 start=2024-07-10 tf=1m
2026-08-28 21:09:40 [info     ] options.fetch                  contracts=1 end=2024-07-19 start=2024-07-10 tf=1m
2026-08-28 21:09:40 [info     ] options.fetch                  contracts=1 end=2024-07-19 start=2024-07-10 tf=1d
2026-08-28 21:09:41 [info     ] options.fetch                  contracts=1 end=2024-07-19 start=2024-07-10 tf=1m
2026-08-28 21:09:44 [info     ] options.fetch                  contracts=1 end=2024-07-19 start=2024-07-10 tf=1m
2026-08-28 21:09:44 [info     ] options.fetch                  contracts=27 end=2024-07-19 start=2024-07-11 tf=1d
2026-08-28 21:09:44 [info     ] options.fetch                  contracts=1 end=2024-07-19 start=2024-07-11 tf=1m
2026-08-28 21:09:44 [info     ] options.fetch                  contracts=1 end=2024-07-19 start=2024-07-11 tf=1m
2026-08-28 21:09:44 [info     ] options.fetch                  contracts=20 end=2024-07-19 start=2024-07-11 tf=1d
2026-08-28 21:09:45 [info     ] options.fetch                  contracts=1 end=2024-07-19 start=2024-07-11 tf=1m
2026-08-28 21:09:45 [info     ] options.fetch                  contracts=1 end=2024-07-19 start=2024-07-11 tf=1m
2026-08-28 21:09:45 [info     ] options.fetch                  contracts=1 end=2024-07-19 start=2024-07-11 tf=1m
2026-08-28 21:09:46 [info     ] options.fetch                  contracts=2 end=2024-07-19 start=2024-07-11 tf=1d
2026-08-28 21:09:46 [info     ] options.fetch                  contracts=1 end=2024-07-19 start=2024-07-11 tf=1m
2026-08-28 21:09:46 [info     ] options.fetch                  contracts=1 end=2024-07-19 start=2024-07-11 tf=1m
2026-08-28 21:09:46 [info     ] options.fetch                  contracts=9 end=2024-07-19 start=2024-07-12 tf=1d
2026-08-28 21:09:46 [info     ] options.fetch                  contracts=1 end=2024-07-26 start=2024-07-12 tf=1m
2026-08-28 21:09:46 [info     ] options.fetch                  contracts=1 end=2024-07-26 start=2024-07-12 tf=1m
2026-08-28 21:09:46 [info     ] pipeline.progress              done=475 structure=debit_spread total=2565
2026-08-28 21:09:46 [info     ] options.fetch                  contracts=1 end=2024-07-19 start=2024-07-12 tf=1d
2026-08-28 21:09:47 [info     ] options.fetch                  contracts=1 end=2024-07-26 start=2024-07-12 tf=1m
2026-08-28 21:09:47 [info     ] options.fetch                  contracts=1 end=2024-07-26 start=2024-07-12 tf=1m
2026-08-28 21:09:47 [info     ] options.fetch                  contracts=19 end=2024-07-19 start=2024-07-12 tf=1d
2026-08-28 21:09:47 [info     ] options.fetch                  contracts=1 end=2024-07-26 start=2024-07-12 tf=1m
2026-08-28 21:09:47 [info     ] options.fetch                  contracts=1 end=2024-07-26 start=2024-07-12 tf=1m
2026-08-28 21:09:48 [info     ] options.fetch                  contracts=1 end=2024-07-26 start=2024-07-12 tf=1m
2026-08-28 21:09:48 [info     ] options.fetch                  contracts=4 end=2024-07-26 start=2024-07-15 tf=1d
2026-08-28 21:09:48 [info     ] options.fetch                  contracts=1 end=2024-07-26 start=2024-07-15 tf=1m
2026-08-28 21:09:48 [info     ] options.fetch                  contracts=1 end=2024-07-26 start=2024-07-15 tf=1m
2026-08-28 21:09:48 [info     ] options.fetch                  contracts=3 end=2024-07-26 start=2024-07-16 tf=1d
2026-08-28 21:09:48 [info     ] options.fetch                  contracts=18 end=2024-07-26 start=2024-07-16 tf=1d
2026-08-28 21:09:52 [info     ] options.fetch                  contracts=1 end=2024-07-26 start=2024-07-16 tf=1m
2026-08-28 21:09:52 [info     ] options.fetch                  contracts=1 end=2024-07-26 start=2024-07-16 tf=1m
2026-08-28 21:09:52 [info     ] options.fetch                  contracts=1 end=2024-07-26 start=2024-07-16 tf=1d
2026-08-28 21:09:52 [info     ] options.fetch                  contracts=1 end=2024-07-26 start=2024-07-16 tf=1m
2026-08-28 21:09:52 [info     ] options.fetch                  contracts=1 end=2024-07-26 start=2024-07-16 tf=1m
2026-08-28 21:09:53 [info     ] options.fetch                  contracts=1 end=2024-07-26 start=2024-07-16 tf=1m
2026-08-28 21:09:53 [info     ] options.fetch                  contracts=1 end=2024-07-26 start=2024-07-16 tf=1d
2026-08-28 21:09:53 [info     ] options.fetch                  contracts=1 end=2024-07-26 start=2024-07-16 tf=1m
2026-08-28 21:09:54 [info     ] options.fetch                  contracts=2 end=2024-07-26 start=2024-07-18 tf=1d
2026-08-28 21:09:54 [info     ] options.fetch                  contracts=1 end=2024-07-26 start=2024-07-18 tf=1m
2026-08-28 21:09:54 [info     ] options.fetch                  contracts=1 end=2024-07-26 start=2024-07-18 tf=1m
2026-08-28 21:09:54 [info     ] options.fetch                  contracts=1 end=2024-07-26 start=2024-07-19 tf=1d
2026-08-28 21:09:54 [info     ] options.fetch                  contracts=1 end=2024-08-02 start=2024-07-19 tf=1m
2026-08-28 21:09:54 [info     ] options.fetch                  contracts=21 end=2024-07-26 start=2024-07-19 tf=1d
2026-08-28 21:09:55 [info     ] options.fetch                  contracts=1 end=2024-08-02 start=2024-07-19 tf=1m
2026-08-28 21:09:55 [info     ] options.fetch                  contracts=1 end=2024-08-02 start=2024-07-19 tf=1m
2026-08-28 21:09:55 [info     ] options.fetch                  contracts=1 end=2024-08-02 start=2024-07-22 tf=1m
2026-08-28 21:09:55 [info     ] options.fetch                  contracts=1 end=2024-08-02 start=2024-07-22 tf=1d
2026-08-28 21:09:55 [info     ] options.fetch                  contracts=1 end=2024-08-02 start=2024-07-22 tf=1m
2026-08-28 21:09:55 [info     ] options.fetch                  contracts=2 end=2024-08-02 start=2024-07-22 tf=1d
2026-08-28 21:09:55 [info     ] options.fetch                  contracts=17 end=2024-08-02 start=2024-07-22 tf=1d
2026-08-28 21:09:56 [info     ] options.fetch                  contracts=1 end=2024-08-02 start=2024-07-22 tf=1m
2026-08-28 21:09:56 [info     ] options.fetch                  contracts=1 end=2024-08-02 start=2024-07-22 tf=1m
2026-08-28 21:09:56 [info     ] options.fetch                  contracts=21 end=2024-08-02 start=2024-07-22 tf=1d
2026-08-28 21:09:56 [info     ] options.fetch                  contracts=2 end=2024-08-02 start=2024-07-23 tf=1d
2026-08-28 21:09:56 [info     ] options.fetch                  contracts=1 end=2024-08-02 start=2024-07-23 tf=1m
2026-08-28 21:09:56 [info     ] options.fetch                  contracts=48 end=2024-08-02 start=2024-07-23 tf=1d
2026-08-28 21:10:00 [info     ] options.fetch                  contracts=1 end=2024-08-02 start=2024-07-23 tf=1m
2026-08-28 21:10:00 [info     ] options.fetch                  contracts=1 end=2024-08-02 start=2024-07-23 tf=1m
2026-08-28 21:10:00 [info     ] options.fetch                  contracts=3 end=2024-08-02 start=2024-07-23 tf=1d
2026-08-28 21:10:00 [info     ] options.fetch                  contracts=1 end=2024-08-02 start=2024-07-23 tf=1m
2026-08-28 21:10:00 [info     ] options.fetch                  contracts=1 end=2024-08-02 start=2024-07-23 tf=1m
2026-08-28 21:10:01 [info     ] options.fetch                  contracts=17 end=2024-08-02 start=2024-07-23 tf=1d
2026-08-28 21:10:01 [info     ] options.fetch                  contracts=1 end=2024-08-02 start=2024-07-23 tf=1m
2026-08-28 21:10:01 [info     ] options.fetch                  contracts=1 end=2024-08-02 start=2024-07-23 tf=1m
2026-08-28 21:10:01 [info     ] options.fetch                  contracts=11 end=2024-08-02 start=2024-07-23 tf=1d
2026-08-28 21:10:01 [info     ] options.fetch                  contracts=1 end=2024-08-02 start=2024-07-23 tf=1m
2026-08-28 21:10:01 [info     ] options.fetch                  contracts=1 end=2024-08-02 start=2024-07-23 tf=1m
2026-08-28 21:10:02 [info     ] options.fetch                  contracts=1 end=2024-08-02 start=2024-07-23 tf=1d
2026-08-28 21:10:02 [info     ] options.fetch                  contracts=1 end=2024-08-02 start=2024-07-23 tf=1m
2026-08-28 21:10:02 [info     ] pipeline.progress              done=500 structure=debit_spread total=2565
2026-08-28 21:10:02 [info     ] options.fetch                  contracts=3 end=2024-08-02 start=2024-07-24 tf=1d
2026-08-28 21:10:02 [info     ] options.fetch                  contracts=1 end=2024-08-02 start=2024-07-24 tf=1m
2026-08-28 21:10:02 [info     ] options.fetch                  contracts=13 end=2024-08-02 start=2024-07-24 tf=1d
2026-08-28 21:10:03 [info     ] options.fetch                  contracts=1 end=2024-08-02 start=2024-07-24 tf=1m
2026-08-28 21:10:03 [info     ] options.fetch                  contracts=1 end=2024-08-02 start=2024-07-24 tf=1m
2026-08-28 21:10:03 [info     ] options.fetch                  contracts=1 end=2024-08-02 start=2024-07-24 tf=1d
2026-08-28 21:10:03 [info     ] options.fetch                  contracts=1 end=2024-08-02 start=2024-07-24 tf=1m
2026-08-28 21:10:03 [info     ] options.fetch                  contracts=1 end=2024-08-02 start=2024-07-24 tf=1m
